2026-05-01T04:10:55.776736Z 0 [System] [MY-015017] [Server] MySQL Server Initialization - start.
2026-05-01T04:10:55.781389Z 0 [System] [MY-013169] [Server] C:\Program Files\MySQL\MySQL Server 8.4\bin\mysqld.exe (mysqld 8.4.8) initializing of server in progress as process 23984
2026-05-01T04:10:55.808416Z 1 [System] [MY-013576] [InnoDB] InnoDB initialization has started.
2026-05-01T04:10:56.082699Z 1 [System] [MY-013577] [InnoDB] InnoDB initialization has ended.
2026-05-01T04:10:57.621721Z 6 [Warning] [MY-010453] [Server] root@localhost is created with an empty password ! Please consider switching off the --initialize-insecure option.
2026-05-01T04:10:59.519364Z 0 [System] [MY-015018] [Server] MySQL Server Initialization - end.
2026-05-02T14:16:34.674973Z 0 [System] [MY-015015] [Server] MySQL Server - start.
2026-05-02T14:16:34.943446Z 0 [System] [MY-010116] [Server] C:\Program Files\MySQL\MySQL Server 8.4\bin\mysqld.exe (mysqld 8.4.8) starting as process 12276
2026-05-02T14:16:34.997790Z 1 [System] [MY-013576] [InnoDB] InnoDB initialization has started.
2026-05-02T14:16:35.763770Z 1 [System] [MY-013577] [InnoDB] InnoDB initialization has ended.
2026-05-02T14:16:35.934582Z 0 [System] [MY-010229] [Server] Starting XA crash recovery...
2026-05-02T14:16:35.939864Z 0 [System] [MY-010232] [Server] XA crash recovery finished.
2026-05-02T14:16:36.049071Z 0 [Warning] [MY-010068] [Server] CA certificate ca.pem is self signed.
2026-05-02T14:16:36.049311Z 0 [System] [MY-013602] [Server] Channel mysql_main configured to support TLS. Encrypted connections are now supported for this channel.
2026-05-02T14:16:36.083119Z 0 [System] [MY-011323] [Server] X Plugin ready for connections. Bind-address: '::' port: 33060
2026-05-02T14:16:36.083170Z 0 [System] [MY-010931] [Server] C:\Program Files\MySQL\MySQL Server 8.4\bin\mysqld.exe: ready for connections. Version: '8.4.8'  socket: ''  port: 3306  MySQL Community Server - GPL.
2026-05-03T01:25:21.829402Z 0 [System] [MY-015015] [Server] MySQL Server - start.
2026-05-03T01:25:22.153508Z 0 [System] [MY-010116] [Server] C:\Program Files\MySQL\MySQL Server 8.4\bin\mysqld.exe (mysqld 8.4.8) starting as process 8388
2026-05-03T01:25:22.281104Z 1 [System] [MY-013576] [InnoDB] InnoDB initialization has started.
2026-05-03T01:25:23.698703Z 1 [System] [MY-013577] [InnoDB] InnoDB initialization has ended.
2026-05-03T01:25:23.922371Z 0 [System] [MY-010229] [Server] Starting XA crash recovery...
2026-05-03T01:25:23.927809Z 0 [System] [MY-010232] [Server] XA crash recovery finished.
2026-05-03T01:25:24.182757Z 0 [Warning] [MY-010068] [Server] CA certificate ca.pem is self signed.
2026-05-03T01:25:24.183773Z 0 [System] [MY-013602] [Server] Channel mysql_main configured to support TLS. Encrypted connections are now supported for this channel.
2026-05-03T01:25:24.306620Z 0 [System] [MY-011323] [Server] X Plugin ready for connections. Bind-address: '::' port: 33060
2026-05-03T01:25:24.306798Z 0 [System] [MY-010931] [Server] C:\Program Files\MySQL\MySQL Server 8.4\bin\mysqld.exe: ready for connections. Version: '8.4.8'  socket: ''  port: 3306  MySQL Community Server - GPL.
2026-05-04T01:06:29.275877Z 0 [System] [MY-015015] [Server] MySQL Server - start.
2026-05-04T01:06:29.521003Z 0 [System] [MY-010116] [Server] C:\Program Files\MySQL\MySQL Server 8.4\bin\mysqld.exe (mysqld 8.4.8) starting as process 5752
2026-05-04T01:06:29.711110Z 1 [System] [MY-013576] [InnoDB] InnoDB initialization has started.
2026-05-04T01:06:31.220904Z 1 [System] [MY-013577] [InnoDB] InnoDB initialization has ended.
2026-05-04T01:06:31.454898Z 0 [System] [MY-010229] [Server] Starting XA crash recovery...
2026-05-04T01:06:31.462469Z 0 [System] [MY-010232] [Server] XA crash recovery finished.
2026-05-04T01:06:31.704006Z 0 [Warning] [MY-010068] [Server] CA certificate ca.pem is self signed.
2026-05-04T01:06:31.704627Z 0 [System] [MY-013602] [Server] Channel mysql_main configured to support TLS. Encrypted connections are now supported for this channel.
2026-05-04T01:06:31.815922Z 0 [System] [MY-011323] [Server] X Plugin ready for connections. Bind-address: '::' port: 33060
2026-05-04T01:06:31.816034Z 0 [System] [MY-010931] [Server] C:\Program Files\MySQL\MySQL Server 8.4\bin\mysqld.exe: ready for connections. Version: '8.4.8'  socket: ''  port: 3306  MySQL Community Server - GPL.
2026-05-04T15:38:04.865149Z 0 [System] [MY-015015] [Server] MySQL Server - start.
2026-05-04T15:38:05.142840Z 0 [System] [MY-010116] [Server] C:\Program Files\MySQL\MySQL Server 8.4\bin\mysqld.exe (mysqld 8.4.8) starting as process 23140
2026-05-04T15:38:05.287843Z 1 [System] [MY-013576] [InnoDB] InnoDB initialization has started.
2026-05-04T15:38:06.833430Z 1 [System] [MY-013577] [InnoDB] InnoDB initialization has ended.
2026-05-04T15:38:07.120780Z 0 [System] [MY-010229] [Server] Starting XA crash recovery...
2026-05-04T15:38:07.126023Z 0 [System] [MY-010232] [Server] XA crash recovery finished.
2026-05-04T15:38:07.357139Z 0 [Warning] [MY-010068] [Server] CA certificate ca.pem is self signed.
2026-05-04T15:38:07.357504Z 0 [System] [MY-013602] [Server] Channel mysql_main configured to support TLS. Encrypted connections are now supported for this channel.
2026-05-04T15:38:07.431359Z 0 [System] [MY-011323] [Server] X Plugin ready for connections. Bind-address: '::' port: 33060
2026-05-04T15:38:07.431562Z 0 [System] [MY-010931] [Server] C:\Program Files\MySQL\MySQL Server 8.4\bin\mysqld.exe: ready for connections. Version: '8.4.8'  socket: ''  port: 3306  MySQL Community Server - GPL.
2026-05-05T23:45:51.053483Z 0 [System] [MY-015015] [Server] MySQL Server - start.
2026-05-05T23:45:51.333679Z 0 [System] [MY-010116] [Server] C:\Program Files\MySQL\MySQL Server 8.4\bin\mysqld.exe (mysqld 8.4.8) starting as process 25040
2026-05-05T23:45:51.489222Z 1 [System] [MY-013576] [InnoDB] InnoDB initialization has started.
2026-05-05T23:45:52.787525Z 1 [System] [MY-013577] [InnoDB] InnoDB initialization has ended.
2026-05-05T23:45:53.011268Z 0 [System] [MY-010229] [Server] Starting XA crash recovery...
2026-05-05T23:45:53.015161Z 0 [System] [MY-010232] [Server] XA crash recovery finished.
2026-05-05T23:45:53.241161Z 0 [Warning] [MY-010068] [Server] CA certificate ca.pem is self signed.
2026-05-05T23:45:53.241697Z 0 [System] [MY-013602] [Server] Channel mysql_main configured to support TLS. Encrypted connections are now supported for this channel.
2026-05-05T23:45:53.330497Z 0 [System] [MY-011323] [Server] X Plugin ready for connections. Bind-address: '::' port: 33060
2026-05-05T23:45:53.330607Z 0 [System] [MY-010931] [Server] C:\Program Files\MySQL\MySQL Server 8.4\bin\mysqld.exe: ready for connections. Version: '8.4.8'  socket: ''  port: 3306  MySQL Community Server - GPL.
2026-05-07T04:45:32.185090Z 0 [System] [MY-015015] [Server] MySQL Server - start.
2026-05-07T04:45:32.402161Z 0 [System] [MY-010116] [Server] C:\Program Files\MySQL\MySQL Server 8.4\bin\mysqld.exe (mysqld 8.4.8) starting as process 15476
2026-05-07T04:45:32.573804Z 1 [System] [MY-013576] [InnoDB] InnoDB initialization has started.
2026-05-07T04:45:34.133375Z 1 [System] [MY-013577] [InnoDB] InnoDB initialization has ended.
2026-05-07T04:45:34.369648Z 0 [System] [MY-010229] [Server] Starting XA crash recovery...
2026-05-07T04:45:34.377277Z 0 [System] [MY-010232] [Server] XA crash recovery finished.
2026-05-07T04:45:34.624179Z 0 [Warning] [MY-010068] [Server] CA certificate ca.pem is self signed.
2026-05-07T04:45:34.624457Z 0 [System] [MY-013602] [Server] Channel mysql_main configured to support TLS. Encrypted connections are now supported for this channel.
2026-05-07T04:45:34.702098Z 0 [System] [MY-011323] [Server] X Plugin ready for connections. Bind-address: '::' port: 33060
2026-05-07T04:45:34.702165Z 0 [System] [MY-010931] [Server] C:\Program Files\MySQL\MySQL Server 8.4\bin\mysqld.exe: ready for connections. Version: '8.4.8'  socket: ''  port: 3306  MySQL Community Server - GPL.
2026-05-07T06:10:47.142403Z 0 [System] [MY-015015] [Server] MySQL Server - start.
2026-05-07T06:10:47.415645Z 0 [System] [MY-010116] [Server] C:\Program Files\MySQL\MySQL Server 8.4\bin\mysqld.exe (mysqld 8.4.8) starting as process 2356
2026-05-07T06:10:47.470365Z 1 [System] [MY-013576] [InnoDB] InnoDB initialization has started.
2026-05-07T06:10:48.106101Z 1 [System] [MY-013577] [InnoDB] InnoDB initialization has ended.
2026-05-07T06:10:48.343852Z 0 [System] [MY-010229] [Server] Starting XA crash recovery...
2026-05-07T06:10:48.350131Z 0 [System] [MY-010232] [Server] XA crash recovery finished.
2026-05-07T06:10:48.503007Z 0 [Warning] [MY-010068] [Server] CA certificate ca.pem is self signed.
2026-05-07T06:10:48.503432Z 0 [System] [MY-013602] [Server] Channel mysql_main configured to support TLS. Encrypted connections are now supported for this channel.
2026-05-07T06:10:48.550444Z 0 [System] [MY-011323] [Server] X Plugin ready for connections. Bind-address: '::' port: 33060
2026-05-07T06:10:48.550542Z 0 [System] [MY-010931] [Server] C:\Program Files\MySQL\MySQL Server 8.4\bin\mysqld.exe: ready for connections. Version: '8.4.8'  socket: ''  port: 3306  MySQL Community Server - GPL.
2026-05-08T08:10:46.949612Z 0 [System] [MY-015015] [Server] MySQL Server - start.
2026-05-08T08:10:47.152625Z 0 [System] [MY-010116] [Server] C:\Program Files\MySQL\MySQL Server 8.4\bin\mysqld.exe (mysqld 8.4.8) starting as process 28876
2026-05-08T08:10:47.255508Z 1 [System] [MY-013576] [InnoDB] InnoDB initialization has started.
2026-05-08T08:10:48.549785Z 1 [System] [MY-013577] [InnoDB] InnoDB initialization has ended.
2026-05-08T08:10:48.873125Z 0 [System] [MY-010229] [Server] Starting XA crash recovery...
2026-05-08T08:10:48.878716Z 0 [System] [MY-010232] [Server] XA crash recovery finished.
2026-05-08T08:10:49.111459Z 0 [Warning] [MY-010068] [Server] CA certificate ca.pem is self signed.
2026-05-08T08:10:49.111925Z 0 [System] [MY-013602] [Server] Channel mysql_main configured to support TLS. Encrypted connections are now supported for this channel.
2026-05-08T08:10:49.207683Z 0 [System] [MY-011323] [Server] X Plugin ready for connections. Bind-address: '::' port: 33060
2026-05-08T08:10:49.208039Z 0 [System] [MY-010931] [Server] C:\Program Files\MySQL\MySQL Server 8.4\bin\mysqld.exe: ready for connections. Version: '8.4.8'  socket: ''  port: 3306  MySQL Community Server - GPL.
2026-05-08T10:47:33.059036Z 0 [System] [MY-015015] [Server] MySQL Server - start.
2026-05-08T10:47:33.296206Z 0 [System] [MY-010116] [Server] C:\Program Files\MySQL\MySQL Server 8.4\bin\mysqld.exe (mysqld 8.4.8) starting as process 27416
2026-05-08T10:47:33.385116Z 1 [System] [MY-013576] [InnoDB] InnoDB initialization has started.
2026-05-08T10:47:34.974115Z 1 [System] [MY-013577] [InnoDB] InnoDB initialization has ended.
2026-05-08T10:47:35.291222Z 0 [System] [MY-010229] [Server] Starting XA crash recovery...
2026-05-08T10:47:35.298149Z 0 [System] [MY-010232] [Server] XA crash recovery finished.
2026-05-08T10:47:35.538238Z 0 [Warning] [MY-010068] [Server] CA certificate ca.pem is self signed.
2026-05-08T10:47:35.538545Z 0 [System] [MY-013602] [Server] Channel mysql_main configured to support TLS. Encrypted connections are now supported for this channel.
2026-05-08T10:47:35.639366Z 0 [System] [MY-011323] [Server] X Plugin ready for connections. Bind-address: '::' port: 33060
2026-05-08T10:47:35.639554Z 0 [System] [MY-010931] [Server] C:\Program Files\MySQL\MySQL Server 8.4\bin\mysqld.exe: ready for connections. Version: '8.4.8'  socket: ''  port: 3306  MySQL Community Server - GPL.
2026-05-09T06:42:25.814937Z 0 [System] [MY-015015] [Server] MySQL Server - start.
2026-05-09T06:42:25.975246Z 0 [System] [MY-010116] [Server] C:\Program Files\MySQL\MySQL Server 8.4\bin\mysqld.exe (mysqld 8.4.8) starting as process 18728
2026-05-09T06:42:26.050095Z 1 [System] [MY-013576] [InnoDB] InnoDB initialization has started.
2026-05-09T06:42:27.645596Z 1 [System] [MY-013577] [InnoDB] InnoDB initialization has ended.
2026-05-09T06:42:27.923148Z 0 [System] [MY-010229] [Server] Starting XA crash recovery...
2026-05-09T06:42:27.929122Z 0 [System] [MY-010232] [Server] XA crash recovery finished.
2026-05-09T06:42:28.184370Z 0 [Warning] [MY-010068] [Server] CA certificate ca.pem is self signed.
2026-05-09T06:42:28.184847Z 0 [System] [MY-013602] [Server] Channel mysql_main configured to support TLS. Encrypted connections are now supported for this channel.
2026-05-09T06:42:28.284797Z 0 [System] [MY-011323] [Server] X Plugin ready for connections. Bind-address: '::' port: 33060
2026-05-09T06:42:28.285637Z 0 [System] [MY-010931] [Server] C:\Program Files\MySQL\MySQL Server 8.4\bin\mysqld.exe: ready for connections. Version: '8.4.8'  socket: ''  port: 3306  MySQL Community Server - GPL.
2026-05-09T15:30:14.595024Z 0 [System] [MY-015015] [Server] MySQL Server - start.
2026-05-09T15:30:14.760078Z 0 [System] [MY-010116] [Server] C:\Program Files\MySQL\MySQL Server 8.4\bin\mysqld.exe (mysqld 8.4.8) starting as process 2540
2026-05-09T15:30:14.844140Z 1 [System] [MY-013576] [InnoDB] InnoDB initialization has started.
2026-05-09T15:30:16.262190Z 1 [System] [MY-013577] [InnoDB] InnoDB initialization has ended.
2026-05-09T15:30:16.527493Z 0 [System] [MY-010229] [Server] Starting XA crash recovery...
2026-05-09T15:30:16.531986Z 0 [System] [MY-010232] [Server] XA crash recovery finished.
2026-05-09T15:30:16.705135Z 0 [Warning] [MY-010068] [Server] CA certificate ca.pem is self signed.
2026-05-09T15:30:16.705954Z 0 [System] [MY-013602] [Server] Channel mysql_main configured to support TLS. Encrypted connections are now supported for this channel.
2026-05-09T15:30:16.776239Z 0 [System] [MY-011323] [Server] X Plugin ready for connections. Bind-address: '::' port: 33060
2026-05-09T15:30:16.776294Z 0 [System] [MY-010931] [Server] C:\Program Files\MySQL\MySQL Server 8.4\bin\mysqld.exe: ready for connections. Version: '8.4.8'  socket: ''  port: 3306  MySQL Community Server - GPL.
2026-05-10T07:00:42.229119Z 0 [System] [MY-015015] [Server] MySQL Server - start.
2026-05-10T07:00:42.496195Z 0 [System] [MY-010116] [Server] C:\Program Files\MySQL\MySQL Server 8.4\bin\mysqld.exe (mysqld 8.4.8) starting as process 26860
2026-05-10T07:00:42.621771Z 1 [System] [MY-013576] [InnoDB] InnoDB initialization has started.
2026-05-10T07:00:44.040627Z 1 [System] [MY-013577] [InnoDB] InnoDB initialization has ended.
2026-05-10T07:00:44.298061Z 0 [System] [MY-010229] [Server] Starting XA crash recovery...
2026-05-10T07:00:44.305985Z 0 [System] [MY-010232] [Server] XA crash recovery finished.
2026-05-10T07:00:44.487242Z 0 [Warning] [MY-010068] [Server] CA certificate ca.pem is self signed.
2026-05-10T07:00:44.487600Z 0 [System] [MY-013602] [Server] Channel mysql_main configured to support TLS. Encrypted connections are now supported for this channel.
2026-05-10T07:00:44.597779Z 0 [System] [MY-011323] [Server] X Plugin ready for connections. Bind-address: '::' port: 33060
2026-05-10T07:00:44.598073Z 0 [System] [MY-010931] [Server] C:\Program Files\MySQL\MySQL Server 8.4\bin\mysqld.exe: ready for connections. Version: '8.4.8'  socket: ''  port: 3306  MySQL Community Server - GPL.
2026-05-10T14:25:51.117284Z 0 [System] [MY-015015] [Server] MySQL Server - start.
2026-05-10T14:25:51.324978Z 0 [System] [MY-010116] [Server] C:\Program Files\MySQL\MySQL Server 8.4\bin\mysqld.exe (mysqld 8.4.8) starting as process 23944
2026-05-10T14:25:51.366940Z 1 [System] [MY-013576] [InnoDB] InnoDB initialization has started.
2026-05-10T14:25:52.072166Z 1 [System] [MY-013577] [InnoDB] InnoDB initialization has ended.
2026-05-10T14:25:52.310157Z 0 [System] [MY-010229] [Server] Starting XA crash recovery...
2026-05-10T14:25:52.314524Z 0 [System] [MY-010232] [Server] XA crash recovery finished.
2026-05-10T14:25:52.417220Z 0 [Warning] [MY-010068] [Server] CA certificate ca.pem is self signed.
2026-05-10T14:25:52.417496Z 0 [System] [MY-013602] [Server] Channel mysql_main configured to support TLS. Encrypted connections are now supported for this channel.
2026-05-10T14:25:52.461293Z 0 [System] [MY-011323] [Server] X Plugin ready for connections. Bind-address: '::' port: 33060
2026-05-10T14:25:52.461356Z 0 [System] [MY-010931] [Server] C:\Program Files\MySQL\MySQL Server 8.4\bin\mysqld.exe: ready for connections. Version: '8.4.8'  socket: ''  port: 3306  MySQL Community Server - GPL.
2026-05-10T14:28:13.647634Z 0 [System] [MY-015015] [Server] MySQL Server - start.
2026-05-10T14:28:13.856060Z 0 [System] [MY-010116] [Server] C:\Program Files\MySQL\MySQL Server 8.4\bin\mysqld.exe (mysqld 8.4.8) starting as process 28056
2026-05-10T14:28:13.868001Z 1 [System] [MY-013576] [InnoDB] InnoDB initialization has started.
2026-05-10T14:28:14.629800Z 1 [System] [MY-013577] [InnoDB] InnoDB initialization has ended.
2026-05-10T14:28:14.771905Z 0 [System] [MY-010229] [Server] Starting XA crash recovery...
2026-05-10T14:28:14.775111Z 0 [System] [MY-010232] [Server] XA crash recovery finished.
2026-05-10T14:28:14.898945Z 0 [Warning] [MY-010068] [Server] CA certificate ca.pem is self signed.
2026-05-10T14:28:14.899255Z 0 [System] [MY-013602] [Server] Channel mysql_main configured to support TLS. Encrypted connections are now supported for this channel.
2026-05-10T14:28:14.931003Z 0 [System] [MY-011323] [Server] X Plugin ready for connections. Bind-address: '::' port: 33060
2026-05-10T14:28:14.931056Z 0 [System] [MY-010931] [Server] C:\Program Files\MySQL\MySQL Server 8.4\bin\mysqld.exe: ready for connections. Version: '8.4.8'  socket: ''  port: 3306  MySQL Community Server - GPL.
2026-05-10T14:34:34.672668Z 0 [System] [MY-015015] [Server] MySQL Server - start.
2026-05-10T14:34:34.830830Z 0 [System] [MY-010116] [Server] C:\Program Files\MySQL\MySQL Server 8.4\bin\mysqld.exe (mysqld 8.4.8) starting as process 15036
2026-05-10T14:34:34.843048Z 1 [System] [MY-013576] [InnoDB] InnoDB initialization has started.
2026-05-10T14:34:35.466673Z 1 [System] [MY-013577] [InnoDB] InnoDB initialization has ended.
2026-05-10T14:34:35.613755Z 0 [System] [MY-010229] [Server] Starting XA crash recovery...
2026-05-10T14:34:35.620962Z 0 [System] [MY-010232] [Server] XA crash recovery finished.
2026-05-10T14:34:35.727899Z 0 [Warning] [MY-010068] [Server] CA certificate ca.pem is self signed.
2026-05-10T14:34:35.728193Z 0 [System] [MY-013602] [Server] Channel mysql_main configured to support TLS. Encrypted connections are now supported for this channel.
2026-05-10T14:34:35.757175Z 0 [System] [MY-010931] [Server] C:\Program Files\MySQL\MySQL Server 8.4\bin\mysqld.exe: ready for connections. Version: '8.4.8'  socket: ''  port: 3306  MySQL Community Server - GPL.
2026-05-10T14:34:35.757191Z 0 [System] [MY-011323] [Server] X Plugin ready for connections. Bind-address: '::' port: 33060
2026-05-10T15:08:16.194238Z 0 [System] [MY-015015] [Server] MySQL Server - start.
2026-05-10T15:08:16.296415Z 0 [System] [MY-010116] [Server] C:\Program Files\MySQL\MySQL Server 8.4\bin\mysqld.exe (mysqld 8.4.8) starting as process 8792
2026-05-10T15:08:16.308741Z 1 [System] [MY-013576] [InnoDB] InnoDB initialization has started.
2026-05-10T15:08:17.007581Z 1 [System] [MY-013577] [InnoDB] InnoDB initialization has ended.
2026-05-10T15:08:17.161382Z 0 [System] [MY-010229] [Server] Starting XA crash recovery...
2026-05-10T15:08:17.165916Z 0 [System] [MY-010232] [Server] XA crash recovery finished.
2026-05-10T15:08:17.279603Z 0 [Warning] [MY-010068] [Server] CA certificate ca.pem is self signed.
2026-05-10T15:08:17.279849Z 0 [System] [MY-013602] [Server] Channel mysql_main configured to support TLS. Encrypted connections are now supported for this channel.
2026-05-10T15:08:17.310039Z 0 [System] [MY-011323] [Server] X Plugin ready for connections. Bind-address: '::' port: 33060
2026-05-10T15:08:17.310122Z 0 [System] [MY-010931] [Server] C:\Program Files\MySQL\MySQL Server 8.4\bin\mysqld.exe: ready for connections. Version: '8.4.8'  socket: ''  port: 3306  MySQL Community Server - GPL.
2026-05-10T15:10:03.426082Z 0 [System] [MY-015015] [Server] MySQL Server - start.
2026-05-10T15:10:03.644874Z 0 [System] [MY-010116] [Server] C:\Program Files\MySQL\MySQL Server 8.4\bin\mysqld.exe (mysqld 8.4.8) starting as process 18244
2026-05-10T15:10:03.654796Z 1 [System] [MY-013576] [InnoDB] InnoDB initialization has started.
2026-05-10T15:10:04.324768Z 1 [System] [MY-013577] [InnoDB] InnoDB initialization has ended.
2026-05-10T15:10:04.516750Z 0 [System] [MY-010229] [Server] Starting XA crash recovery...
2026-05-10T15:10:04.521268Z 0 [System] [MY-010232] [Server] XA crash recovery finished.
2026-05-10T15:10:04.622157Z 0 [Warning] [MY-010068] [Server] CA certificate ca.pem is self signed.
2026-05-10T15:10:04.622423Z 0 [System] [MY-013602] [Server] Channel mysql_main configured to support TLS. Encrypted connections are now supported for this channel.
2026-05-10T15:10:04.656296Z 0 [System] [MY-011323] [Server] X Plugin ready for connections. Bind-address: '::' port: 33060
2026-05-10T15:10:04.656362Z 0 [System] [MY-010931] [Server] C:\Program Files\MySQL\MySQL Server 8.4\bin\mysqld.exe: ready for connections. Version: '8.4.8'  socket: ''  port: 3306  MySQL Community Server - GPL.
2026-05-10T15:10:21.898770Z 0 [System] [MY-015015] [Server] MySQL Server - start.
2026-05-10T15:10:22.052078Z 0 [System] [MY-010116] [Server] C:\Program Files\MySQL\MySQL Server 8.4\bin\mysqld.exe (mysqld 8.4.8) starting as process 30008
2026-05-10T15:10:22.064139Z 1 [System] [MY-013576] [InnoDB] InnoDB initialization has started.
2026-05-10T15:10:22.641604Z 1 [System] [MY-013577] [InnoDB] InnoDB initialization has ended.
2026-05-10T15:10:22.820309Z 0 [System] [MY-010229] [Server] Starting XA crash recovery...
2026-05-10T15:10:22.826160Z 0 [System] [MY-010232] [Server] XA crash recovery finished.
2026-05-10T15:10:22.939775Z 0 [Warning] [MY-010068] [Server] CA certificate ca.pem is self signed.
2026-05-10T15:10:22.940046Z 0 [System] [MY-013602] [Server] Channel mysql_main configured to support TLS. Encrypted connections are now supported for this channel.
2026-05-10T15:10:22.979902Z 0 [System] [MY-011323] [Server] X Plugin ready for connections. Bind-address: '::' port: 33060
2026-05-10T15:10:22.979997Z 0 [System] [MY-010931] [Server] C:\Program Files\MySQL\MySQL Server 8.4\bin\mysqld.exe: ready for connections. Version: '8.4.8'  socket: ''  port: 3306  MySQL Community Server - GPL.
2026-05-10T15:13:49.295371Z 0 [System] [MY-015015] [Server] MySQL Server - start.
2026-05-10T15:13:49.577751Z 0 [System] [MY-010116] [Server] C:\Program Files\MySQL\MySQL Server 8.4\bin\mysqld.exe (mysqld 8.4.8) starting as process 20952
2026-05-10T15:13:49.589629Z 1 [System] [MY-013576] [InnoDB] InnoDB initialization has started.
2026-05-10T15:13:50.262358Z 1 [System] [MY-013577] [InnoDB] InnoDB initialization has ended.
2026-05-10T15:13:50.415516Z 0 [System] [MY-010229] [Server] Starting XA crash recovery...
2026-05-10T15:13:50.421643Z 0 [System] [MY-010232] [Server] XA crash recovery finished.
2026-05-10T15:13:50.537008Z 0 [Warning] [MY-010068] [Server] CA certificate ca.pem is self signed.
2026-05-10T15:13:50.537302Z 0 [System] [MY-013602] [Server] Channel mysql_main configured to support TLS. Encrypted connections are now supported for this channel.
2026-05-10T15:13:50.570634Z 0 [System] [MY-011323] [Server] X Plugin ready for connections. Bind-address: '::' port: 33060
2026-05-10T15:13:50.570719Z 0 [System] [MY-010931] [Server] C:\Program Files\MySQL\MySQL Server 8.4\bin\mysqld.exe: ready for connections. Version: '8.4.8'  socket: ''  port: 3306  MySQL Community Server - GPL.
2026-05-10T15:14:14.766608Z 0 [System] [MY-015015] [Server] MySQL Server - start.
2026-05-10T15:14:14.928841Z 0 [System] [MY-010116] [Server] C:\Program Files\MySQL\MySQL Server 8.4\bin\mysqld.exe (mysqld 8.4.8) starting as process 23320
2026-05-10T15:14:14.941826Z 1 [System] [MY-013576] [InnoDB] InnoDB initialization has started.
2026-05-10T15:14:15.637371Z 1 [System] [MY-013577] [InnoDB] InnoDB initialization has ended.
2026-05-10T15:14:15.780712Z 0 [System] [MY-010229] [Server] Starting XA crash recovery...
2026-05-10T15:14:15.785375Z 0 [System] [MY-010232] [Server] XA crash recovery finished.
2026-05-10T15:14:15.889290Z 0 [Warning] [MY-010068] [Server] CA certificate ca.pem is self signed.
2026-05-10T15:14:15.889535Z 0 [System] [MY-013602] [Server] Channel mysql_main configured to support TLS. Encrypted connections are now supported for this channel.
2026-05-10T15:14:15.919761Z 0 [System] [MY-011323] [Server] X Plugin ready for connections. Bind-address: '::' port: 33060
2026-05-10T15:14:15.919882Z 0 [System] [MY-010931] [Server] C:\Program Files\MySQL\MySQL Server 8.4\bin\mysqld.exe: ready for connections. Version: '8.4.8'  socket: ''  port: 3306  MySQL Community Server - GPL.
2026-05-10T15:17:28.686082Z 0 [System] [MY-015015] [Server] MySQL Server - start.
2026-05-10T15:17:28.849987Z 0 [System] [MY-010116] [Server] C:\Program Files\MySQL\MySQL Server 8.4\bin\mysqld.exe (mysqld 8.4.8) starting as process 17928
2026-05-10T15:17:28.860087Z 1 [System] [MY-013576] [InnoDB] InnoDB initialization has started.
2026-05-10T15:17:29.458840Z 1 [System] [MY-013577] [InnoDB] InnoDB initialization has ended.
2026-05-10T15:17:29.617656Z 0 [System] [MY-010229] [Server] Starting XA crash recovery...
2026-05-10T15:17:29.624013Z 0 [System] [MY-010232] [Server] XA crash recovery finished.
2026-05-10T15:17:29.723208Z 0 [Warning] [MY-010068] [Server] CA certificate ca.pem is self signed.
2026-05-10T15:17:29.723458Z 0 [System] [MY-013602] [Server] Channel mysql_main configured to support TLS. Encrypted connections are now supported for this channel.
2026-05-10T15:17:29.758534Z 0 [System] [MY-011323] [Server] X Plugin ready for connections. Bind-address: '::' port: 33060
2026-05-10T15:17:29.758628Z 0 [System] [MY-010931] [Server] C:\Program Files\MySQL\MySQL Server 8.4\bin\mysqld.exe: ready for connections. Version: '8.4.8'  socket: ''  port: 3306  MySQL Community Server - GPL.
2026-05-10T15:17:58.087798Z 0 [System] [MY-015015] [Server] MySQL Server - start.
2026-05-10T15:17:58.264006Z 0 [System] [MY-010116] [Server] C:\Program Files\MySQL\MySQL Server 8.4\bin\mysqld.exe (mysqld 8.4.8) starting as process 22276
2026-05-10T15:17:58.274646Z 1 [System] [MY-013576] [InnoDB] InnoDB initialization has started.
2026-05-10T15:17:58.898959Z 1 [System] [MY-013577] [InnoDB] InnoDB initialization has ended.
2026-05-10T15:17:59.069806Z 0 [System] [MY-010229] [Server] Starting XA crash recovery...
2026-05-10T15:17:59.074909Z 0 [System] [MY-010232] [Server] XA crash recovery finished.
2026-05-10T15:17:59.168036Z 0 [Warning] [MY-010068] [Server] CA certificate ca.pem is self signed.
2026-05-10T15:17:59.168310Z 0 [System] [MY-013602] [Server] Channel mysql_main configured to support TLS. Encrypted connections are now supported for this channel.
2026-05-10T15:17:59.199673Z 0 [System] [MY-011323] [Server] X Plugin ready for connections. Bind-address: '::' port: 33060
2026-05-10T15:17:59.199722Z 0 [System] [MY-010931] [Server] C:\Program Files\MySQL\MySQL Server 8.4\bin\mysqld.exe: ready for connections. Version: '8.4.8'  socket: ''  port: 3306  MySQL Community Server - GPL.
2026-05-10T15:18:28.567362Z 0 [System] [MY-015015] [Server] MySQL Server - start.
2026-05-10T15:18:28.911109Z 0 [System] [MY-010116] [Server] C:\Program Files\MySQL\MySQL Server 8.4\bin\mysqld.exe (mysqld 8.4.8) starting as process 28464
2026-05-10T15:18:28.936218Z 1 [System] [MY-013576] [InnoDB] InnoDB initialization has started.
2026-05-10T15:18:29.569729Z 1 [System] [MY-013577] [InnoDB] InnoDB initialization has ended.
2026-05-10T15:18:29.768093Z 0 [System] [MY-010229] [Server] Starting XA crash recovery...
2026-05-10T15:18:29.780190Z 0 [System] [MY-010232] [Server] XA crash recovery finished.
2026-05-10T15:18:29.909286Z 0 [Warning] [MY-010068] [Server] CA certificate ca.pem is self signed.
2026-05-10T15:18:29.910194Z 0 [System] [MY-013602] [Server] Channel mysql_main configured to support TLS. Encrypted connections are now supported for this channel.
2026-05-10T15:18:29.970476Z 0 [System] [MY-011323] [Server] X Plugin ready for connections. Bind-address: '::' port: 33060
2026-05-10T15:18:29.970867Z 0 [System] [MY-010931] [Server] C:\Program Files\MySQL\MySQL Server 8.4\bin\mysqld.exe: ready for connections. Version: '8.4.8'  socket: ''  port: 3306  MySQL Community Server - GPL.
2026-05-10T15:19:12.817208Z 0 [System] [MY-015015] [Server] MySQL Server - start.
2026-05-10T15:19:13.025517Z 0 [System] [MY-010116] [Server] C:\Program Files\MySQL\MySQL Server 8.4\bin\mysqld.exe (mysqld 8.4.8) starting as process 24408
2026-05-10T15:19:13.037866Z 1 [System] [MY-013576] [InnoDB] InnoDB initialization has started.
2026-05-10T15:19:13.653369Z 1 [System] [MY-013577] [InnoDB] InnoDB initialization has ended.
2026-05-10T15:19:13.802929Z 0 [System] [MY-010229] [Server] Starting XA crash recovery...
2026-05-10T15:19:13.807940Z 0 [System] [MY-010232] [Server] XA crash recovery finished.
2026-05-10T15:19:14.022912Z 0 [Warning] [MY-010068] [Server] CA certificate ca.pem is self signed.
2026-05-10T15:19:14.023346Z 0 [System] [MY-013602] [Server] Channel mysql_main configured to support TLS. Encrypted connections are now supported for this channel.
2026-05-10T15:19:14.056553Z 0 [System] [MY-011323] [Server] X Plugin ready for connections. Bind-address: '::' port: 33060
2026-05-10T15:19:14.056565Z 0 [System] [MY-010931] [Server] C:\Program Files\MySQL\MySQL Server 8.4\bin\mysqld.exe: ready for connections. Version: '8.4.8'  socket: ''  port: 3306  MySQL Community Server - GPL.
2026-05-11T01:52:33.742983Z 0 [System] [MY-015015] [Server] MySQL Server - start.
2026-05-11T01:52:34.035072Z 0 [System] [MY-010116] [Server] C:\Program Files\MySQL\MySQL Server 8.4\bin\mysqld.exe (mysqld 8.4.8) starting as process 9924
2026-05-11T01:52:34.161312Z 1 [System] [MY-013576] [InnoDB] InnoDB initialization has started.
2026-05-11T01:52:35.068652Z 1 [System] [MY-013577] [InnoDB] InnoDB initialization has ended.
2026-05-11T01:52:35.280352Z 0 [System] [MY-010229] [Server] Starting XA crash recovery...
2026-05-11T01:52:35.284682Z 0 [System] [MY-010232] [Server] XA crash recovery finished.
2026-05-11T01:52:35.464991Z 0 [Warning] [MY-010068] [Server] CA certificate ca.pem is self signed.
2026-05-11T01:52:35.465329Z 0 [System] [MY-013602] [Server] Channel mysql_main configured to support TLS. Encrypted connections are now supported for this channel.
2026-05-11T01:52:35.550719Z 0 [System] [MY-011323] [Server] X Plugin ready for connections. Bind-address: '::' port: 33060
2026-05-11T01:52:35.550813Z 0 [System] [MY-010931] [Server] C:\Program Files\MySQL\MySQL Server 8.4\bin\mysqld.exe: ready for connections. Version: '8.4.8'  socket: ''  port: 3306  MySQL Community Server - GPL.
2026-05-11T16:08:23.568255Z 0 [System] [MY-015015] [Server] MySQL Server - start.
2026-05-11T16:08:23.866097Z 0 [System] [MY-010116] [Server] C:\Program Files\MySQL\MySQL Server 8.4\bin\mysqld.exe (mysqld 8.4.8) starting as process 12124
2026-05-11T16:08:24.042325Z 1 [System] [MY-013576] [InnoDB] InnoDB initialization has started.
2026-05-11T16:08:25.381400Z 1 [System] [MY-013577] [InnoDB] InnoDB initialization has ended.
2026-05-11T16:08:25.648860Z 0 [System] [MY-010229] [Server] Starting XA crash recovery...
2026-05-11T16:08:25.655006Z 0 [System] [MY-010232] [Server] XA crash recovery finished.
2026-05-11T16:08:25.875128Z 0 [Warning] [MY-010068] [Server] CA certificate ca.pem is self signed.
2026-05-11T16:08:25.875554Z 0 [System] [MY-013602] [Server] Channel mysql_main configured to support TLS. Encrypted connections are now supported for this channel.
2026-05-11T16:08:25.971460Z 0 [System] [MY-011323] [Server] X Plugin ready for connections. Bind-address: '::' port: 33060
2026-05-11T16:08:25.970157Z 0 [System] [MY-010931] [Server] C:\Program Files\MySQL\MySQL Server 8.4\bin\mysqld.exe: ready for connections. Version: '8.4.8'  socket: ''  port: 3306  MySQL Community Server - GPL.
2026-05-11T16:09:22.481011Z 0 [System] [MY-015015] [Server] MySQL Server - start.
2026-05-11T16:09:22.671503Z 0 [System] [MY-010116] [Server] C:\Program Files\MySQL\MySQL Server 8.4\bin\mysqld.exe (mysqld 8.4.8) starting as process 21192
2026-05-11T16:09:22.717150Z 1 [System] [MY-013576] [InnoDB] InnoDB initialization has started.
2026-05-11T16:09:23.376407Z 1 [System] [MY-013577] [InnoDB] InnoDB initialization has ended.
2026-05-11T16:09:23.586266Z 0 [System] [MY-010229] [Server] Starting XA crash recovery...
2026-05-11T16:09:23.591076Z 0 [System] [MY-010232] [Server] XA crash recovery finished.
2026-05-11T16:09:23.742402Z 0 [Warning] [MY-010068] [Server] CA certificate ca.pem is self signed.
2026-05-11T16:09:23.742748Z 0 [System] [MY-013602] [Server] Channel mysql_main configured to support TLS. Encrypted connections are now supported for this channel.
2026-05-11T16:09:23.800826Z 0 [System] [MY-010931] [Server] C:\Program Files\MySQL\MySQL Server 8.4\bin\mysqld.exe: ready for connections. Version: '8.4.8'  socket: ''  port: 3306  MySQL Community Server - GPL.
2026-05-11T16:09:23.800937Z 0 [System] [MY-011323] [Server] X Plugin ready for connections. Bind-address: '::' port: 33060
2026-05-12T03:43:19.187978Z 0 [System] [MY-015015] [Server] MySQL Server - start.
2026-05-12T03:43:19.498016Z 0 [System] [MY-010116] [Server] C:\Program Files\MySQL\MySQL Server 8.4\bin\mysqld.exe (mysqld 8.4.8) starting as process 10468
2026-05-12T03:43:19.624958Z 1 [System] [MY-013576] [InnoDB] InnoDB initialization has started.
2026-05-12T03:43:20.550052Z 1 [System] [MY-013577] [InnoDB] InnoDB initialization has ended.
2026-05-12T03:43:20.760680Z 0 [System] [MY-010229] [Server] Starting XA crash recovery...
2026-05-12T03:43:20.765590Z 0 [System] [MY-010232] [Server] XA crash recovery finished.
2026-05-12T03:43:20.934044Z 0 [Warning] [MY-010068] [Server] CA certificate ca.pem is self signed.
2026-05-12T03:43:20.934301Z 0 [System] [MY-013602] [Server] Channel mysql_main configured to support TLS. Encrypted connections are now supported for this channel.
2026-05-12T03:43:21.006253Z 0 [System] [MY-011323] [Server] X Plugin ready for connections. Bind-address: '::' port: 33060
2026-05-12T03:43:21.006306Z 0 [System] [MY-010931] [Server] C:\Program Files\MySQL\MySQL Server 8.4\bin\mysqld.exe: ready for connections. Version: '8.4.8'  socket: ''  port: 3306  MySQL Community Server - GPL.
2026-05-14T03:48:02.633857Z 0 [System] [MY-015015] [Server] MySQL Server - start.
2026-05-14T03:48:02.891558Z 0 [System] [MY-010116] [Server] C:\Program Files\MySQL\MySQL Server 8.4\bin\mysqld.exe (mysqld 8.4.8) starting as process 9452
2026-05-14T03:48:03.021763Z 1 [System] [MY-013576] [InnoDB] InnoDB initialization has started.
2026-05-14T03:48:04.017364Z 1 [System] [MY-013577] [InnoDB] InnoDB initialization has ended.
2026-05-14T03:48:04.217563Z 0 [System] [MY-010229] [Server] Starting XA crash recovery...
2026-05-14T03:48:04.224345Z 0 [System] [MY-010232] [Server] XA crash recovery finished.
2026-05-14T03:48:04.418655Z 0 [Warning] [MY-010068] [Server] CA certificate ca.pem is self signed.
2026-05-14T03:48:04.418908Z 0 [System] [MY-013602] [Server] Channel mysql_main configured to support TLS. Encrypted connections are now supported for this channel.
2026-05-14T03:48:04.467685Z 0 [System] [MY-011323] [Server] X Plugin ready for connections. Bind-address: '::' port: 33060
2026-05-14T03:48:04.467785Z 0 [System] [MY-010931] [Server] C:\Program Files\MySQL\MySQL Server 8.4\bin\mysqld.exe: ready for connections. Version: '8.4.8'  socket: ''  port: 3306  MySQL Community Server - GPL.
2026-05-15T00:44:10.472211Z 0 [System] [MY-015015] [Server] MySQL Server - start.
2026-05-15T00:44:10.748592Z 0 [System] [MY-010116] [Server] C:\Program Files\MySQL\MySQL Server 8.4\bin\mysqld.exe (mysqld 8.4.8) starting as process 20752
2026-05-15T00:44:10.859614Z 1 [System] [MY-013576] [InnoDB] InnoDB initialization has started.
2026-05-15T00:44:12.125119Z 1 [System] [MY-013577] [InnoDB] InnoDB initialization has ended.
2026-05-15T00:44:12.370768Z 0 [System] [MY-010229] [Server] Starting XA crash recovery...
2026-05-15T00:44:12.378320Z 0 [System] [MY-010232] [Server] XA crash recovery finished.
2026-05-15T00:44:12.542349Z 0 [Warning] [MY-010068] [Server] CA certificate ca.pem is self signed.
2026-05-15T00:44:12.542851Z 0 [System] [MY-013602] [Server] Channel mysql_main configured to support TLS. Encrypted connections are now supported for this channel.
2026-05-15T00:44:12.604495Z 0 [System] [MY-011323] [Server] X Plugin ready for connections. Bind-address: '::' port: 33060
2026-05-15T00:44:12.604612Z 0 [System] [MY-010931] [Server] C:\Program Files\MySQL\MySQL Server 8.4\bin\mysqld.exe: ready for connections. Version: '8.4.8'  socket: ''  port: 3306  MySQL Community Server - GPL.
2026-05-15T00:44:27.589994Z 0 [System] [MY-015015] [Server] MySQL Server - start.
2026-05-15T00:44:27.802043Z 0 [System] [MY-010116] [Server] C:\Program Files\MySQL\MySQL Server 8.4\bin\mysqld.exe (mysqld 8.4.8) starting as process 21184
2026-05-15T00:44:27.850151Z 1 [System] [MY-013576] [InnoDB] InnoDB initialization has started.
2026-05-15T00:44:28.512093Z 1 [System] [MY-013577] [InnoDB] InnoDB initialization has ended.
2026-05-15T00:44:28.754414Z 0 [System] [MY-010229] [Server] Starting XA crash recovery...
2026-05-15T00:44:28.759069Z 0 [System] [MY-010232] [Server] XA crash recovery finished.
2026-05-15T00:44:28.889003Z 0 [Warning] [MY-010068] [Server] CA certificate ca.pem is self signed.
2026-05-15T00:44:28.889373Z 0 [System] [MY-013602] [Server] Channel mysql_main configured to support TLS. Encrypted connections are now supported for this channel.
2026-05-15T00:44:28.937224Z 0 [System] [MY-011323] [Server] X Plugin ready for connections. Bind-address: '::' port: 33060
2026-05-15T00:44:28.937385Z 0 [System] [MY-010931] [Server] C:\Program Files\MySQL\MySQL Server 8.4\bin\mysqld.exe: ready for connections. Version: '8.4.8'  socket: ''  port: 3306  MySQL Community Server - GPL.
2026-05-15T15:30:20.221649Z 0 [System] [MY-015015] [Server] MySQL Server - start.
2026-05-15T15:30:20.536291Z 0 [System] [MY-010116] [Server] C:\Program Files\MySQL\MySQL Server 8.4\bin\mysqld.exe (mysqld 8.4.8) starting as process 18612
2026-05-15T15:30:20.728699Z 1 [System] [MY-013576] [InnoDB] InnoDB initialization has started.
2026-05-15T15:30:22.538880Z 1 [System] [MY-013577] [InnoDB] InnoDB initialization has ended.
2026-05-15T15:30:23.020834Z 0 [System] [MY-010229] [Server] Starting XA crash recovery...
2026-05-15T15:30:23.032972Z 0 [System] [MY-010232] [Server] XA crash recovery finished.
2026-05-15T15:30:23.295658Z 0 [Warning] [MY-010068] [Server] CA certificate ca.pem is self signed.
2026-05-15T15:30:23.296055Z 0 [System] [MY-013602] [Server] Channel mysql_main configured to support TLS. Encrypted connections are now supported for this channel.
2026-05-15T15:30:23.404835Z 0 [System] [MY-011323] [Server] X Plugin ready for connections. Bind-address: '::' port: 33060
2026-05-15T15:30:23.404910Z 0 [System] [MY-010931] [Server] C:\Program Files\MySQL\MySQL Server 8.4\bin\mysqld.exe: ready for connections. Version: '8.4.8'  socket: ''  port: 3306  MySQL Community Server - GPL.
2026-05-16T02:57:29.469242Z 0 [System] [MY-015015] [Server] MySQL Server - start.
2026-05-16T02:57:29.651837Z 0 [System] [MY-010116] [Server] C:\Program Files\MySQL\MySQL Server 8.4\bin\mysqld.exe (mysqld 8.4.8) starting as process 10404
2026-05-16T02:57:29.751675Z 1 [System] [MY-013576] [InnoDB] InnoDB initialization has started.
2026-05-16T02:57:31.406427Z 1 [System] [MY-013577] [InnoDB] InnoDB initialization has ended.
2026-05-16T02:57:31.668728Z 0 [System] [MY-010229] [Server] Starting XA crash recovery...
2026-05-16T02:57:31.673757Z 0 [System] [MY-010232] [Server] XA crash recovery finished.
2026-05-16T02:57:31.921529Z 0 [Warning] [MY-010068] [Server] CA certificate ca.pem is self signed.
2026-05-16T02:57:31.922329Z 0 [System] [MY-013602] [Server] Channel mysql_main configured to support TLS. Encrypted connections are now supported for this channel.
2026-05-16T02:57:32.028009Z 0 [System] [MY-011323] [Server] X Plugin ready for connections. Bind-address: '::' port: 33060
2026-05-16T02:57:32.028171Z 0 [System] [MY-010931] [Server] C:\Program Files\MySQL\MySQL Server 8.4\bin\mysqld.exe: ready for connections. Version: '8.4.8'  socket: ''  port: 3306  MySQL Community Server - GPL.
2026-05-16T09:47:17.406655Z 0 [System] [MY-015015] [Server] MySQL Server - start.
2026-05-16T09:47:17.682452Z 0 [System] [MY-010116] [Server] C:\Program Files\MySQL\MySQL Server 8.4\bin\mysqld.exe (mysqld 8.4.8) starting as process 21488
2026-05-16T09:47:17.836519Z 1 [System] [MY-013576] [InnoDB] InnoDB initialization has started.
2026-05-16T09:47:19.070697Z 1 [System] [MY-013577] [InnoDB] InnoDB initialization has ended.
2026-05-16T09:47:19.347791Z 0 [System] [MY-010229] [Server] Starting XA crash recovery...
2026-05-16T09:47:19.353090Z 0 [System] [MY-010232] [Server] XA crash recovery finished.
2026-05-16T09:47:19.509585Z 0 [Warning] [MY-010068] [Server] CA certificate ca.pem is self signed.
2026-05-16T09:47:19.510172Z 0 [System] [MY-013602] [Server] Channel mysql_main configured to support TLS. Encrypted connections are now supported for this channel.
2026-05-16T09:47:19.642212Z 0 [System] [MY-011323] [Server] X Plugin ready for connections. Bind-address: '::' port: 33060
2026-05-16T09:47:19.641972Z 0 [System] [MY-010931] [Server] C:\Program Files\MySQL\MySQL Server 8.4\bin\mysqld.exe: ready for connections. Version: '8.4.8'  socket: ''  port: 3306  MySQL Community Server - GPL.
2026-05-16T13:26:11.041855Z 0 [System] [MY-015015] [Server] MySQL Server - start.
2026-05-16T13:26:11.257745Z 0 [System] [MY-010116] [Server] C:\Program Files\MySQL\MySQL Server 8.4\bin\mysqld.exe (mysqld 8.4.8) starting as process 18756
2026-05-16T13:26:11.378124Z 1 [System] [MY-013576] [InnoDB] InnoDB initialization has started.
2026-05-16T13:26:12.731121Z 1 [System] [MY-013577] [InnoDB] InnoDB initialization has ended.
2026-05-16T13:26:12.983770Z 0 [System] [MY-010229] [Server] Starting XA crash recovery...
2026-05-16T13:26:12.988706Z 0 [System] [MY-010232] [Server] XA crash recovery finished.
2026-05-16T13:26:13.174311Z 0 [Warning] [MY-010068] [Server] CA certificate ca.pem is self signed.
2026-05-16T13:26:13.174661Z 0 [System] [MY-013602] [Server] Channel mysql_main configured to support TLS. Encrypted connections are now supported for this channel.
2026-05-16T13:26:13.296421Z 0 [System] [MY-011323] [Server] X Plugin ready for connections. Bind-address: '::' port: 33060
2026-05-16T13:26:13.296617Z 0 [System] [MY-010931] [Server] C:\Program Files\MySQL\MySQL Server 8.4\bin\mysqld.exe: ready for connections. Version: '8.4.8'  socket: ''  port: 3306  MySQL Community Server - GPL.
2026-05-16T13:49:47.628088Z 0 [System] [MY-015015] [Server] MySQL Server - start.
2026-05-16T13:49:47.839148Z 0 [System] [MY-010116] [Server] C:\Program Files\MySQL\MySQL Server 8.4\bin\mysqld.exe (mysqld 8.4.8) starting as process 16848
2026-05-16T13:49:47.897581Z 1 [System] [MY-013576] [InnoDB] InnoDB initialization has started.
2026-05-16T13:49:48.533506Z 1 [System] [MY-013577] [InnoDB] InnoDB initialization has ended.
2026-05-16T13:49:48.735543Z 0 [System] [MY-010229] [Server] Starting XA crash recovery...
2026-05-16T13:49:48.740326Z 0 [System] [MY-010232] [Server] XA crash recovery finished.
2026-05-16T13:49:48.864780Z 0 [Warning] [MY-010068] [Server] CA certificate ca.pem is self signed.
2026-05-16T13:49:48.865281Z 0 [System] [MY-013602] [Server] Channel mysql_main configured to support TLS. Encrypted connections are now supported for this channel.
2026-05-16T13:49:48.915312Z 0 [System] [MY-011323] [Server] X Plugin ready for connections. Bind-address: '::' port: 33060
2026-05-16T13:49:48.915467Z 0 [System] [MY-010931] [Server] C:\Program Files\MySQL\MySQL Server 8.4\bin\mysqld.exe: ready for connections. Version: '8.4.8'  socket: ''  port: 3306  MySQL Community Server - GPL.
2026-05-17T00:47:07.233442Z 0 [System] [MY-015015] [Server] MySQL Server - start.
2026-05-17T00:47:07.455073Z 0 [System] [MY-010116] [Server] C:\Program Files\MySQL\MySQL Server 8.4\bin\mysqld.exe (mysqld 8.4.8) starting as process 6224
2026-05-17T00:47:07.539609Z 1 [System] [MY-013576] [InnoDB] InnoDB initialization has started.
2026-05-17T00:47:09.135167Z 1 [System] [MY-013577] [InnoDB] InnoDB initialization has ended.
2026-05-17T00:47:09.385235Z 0 [System] [MY-010229] [Server] Starting XA crash recovery...
2026-05-17T00:47:09.392494Z 0 [System] [MY-010232] [Server] XA crash recovery finished.
2026-05-17T00:47:09.536664Z 0 [Warning] [MY-010068] [Server] CA certificate ca.pem is self signed.
2026-05-17T00:47:09.537145Z 0 [System] [MY-013602] [Server] Channel mysql_main configured to support TLS. Encrypted connections are now supported for this channel.
2026-05-17T00:47:09.609787Z 0 [System] [MY-011323] [Server] X Plugin ready for connections. Bind-address: '::' port: 33060
2026-05-17T00:47:09.609991Z 0 [System] [MY-010931] [Server] C:\Program Files\MySQL\MySQL Server 8.4\bin\mysqld.exe: ready for connections. Version: '8.4.8'  socket: ''  port: 3306  MySQL Community Server - GPL.
2026-05-17T00:53:56.371758Z 0 [System] [MY-015015] [Server] MySQL Server - start.
2026-05-17T00:53:56.557477Z 0 [System] [MY-010116] [Server] C:\Program Files\MySQL\MySQL Server 8.4\bin\mysqld.exe (mysqld 8.4.8) starting as process 7504
2026-05-17T00:53:56.650283Z 1 [System] [MY-013576] [InnoDB] InnoDB initialization has started.
2026-05-17T00:53:57.810835Z 1 [System] [MY-013577] [InnoDB] InnoDB initialization has ended.
2026-05-17T00:53:58.057647Z 0 [System] [MY-010229] [Server] Starting XA crash recovery...
2026-05-17T00:53:58.062564Z 0 [System] [MY-010232] [Server] XA crash recovery finished.
2026-05-17T00:53:58.217587Z 0 [Warning] [MY-010068] [Server] CA certificate ca.pem is self signed.
2026-05-17T00:53:58.218064Z 0 [System] [MY-013602] [Server] Channel mysql_main configured to support TLS. Encrypted connections are now supported for this channel.
2026-05-17T00:53:58.312328Z 0 [System] [MY-011323] [Server] X Plugin ready for connections. Bind-address: '::' port: 33060
2026-05-17T00:53:58.312462Z 0 [System] [MY-010931] [Server] C:\Program Files\MySQL\MySQL Server 8.4\bin\mysqld.exe: ready for connections. Version: '8.4.8'  socket: ''  port: 3306  MySQL Community Server - GPL.
2026-05-17T07:26:46.726544Z 0 [System] [MY-015015] [Server] MySQL Server - start.
2026-05-17T07:26:46.955313Z 0 [System] [MY-010116] [Server] C:\Program Files\MySQL\MySQL Server 8.4\bin\mysqld.exe (mysqld 8.4.8) starting as process 20224
2026-05-17T07:26:47.089202Z 1 [System] [MY-013576] [InnoDB] InnoDB initialization has started.
2026-05-17T07:26:48.345674Z 1 [System] [MY-013577] [InnoDB] InnoDB initialization has ended.
2026-05-17T07:26:48.693208Z 0 [System] [MY-010229] [Server] Starting XA crash recovery...
2026-05-17T07:26:48.699800Z 0 [System] [MY-010232] [Server] XA crash recovery finished.
2026-05-17T07:26:48.888537Z 0 [Warning] [MY-010068] [Server] CA certificate ca.pem is self signed.
2026-05-17T07:26:48.889096Z 0 [System] [MY-013602] [Server] Channel mysql_main configured to support TLS. Encrypted connections are now supported for this channel.
2026-05-17T07:26:48.989011Z 0 [System] [MY-011323] [Server] X Plugin ready for connections. Bind-address: '::' port: 33060
2026-05-17T07:26:48.989162Z 0 [System] [MY-010931] [Server] C:\Program Files\MySQL\MySQL Server 8.4\bin\mysqld.exe: ready for connections. Version: '8.4.8'  socket: ''  port: 3306  MySQL Community Server - GPL.
2026-05-17T12:23:12.085358Z 0 [System] [MY-015015] [Server] MySQL Server - start.
2026-05-17T12:23:12.285142Z 0 [System] [MY-010116] [Server] C:\Program Files\MySQL\MySQL Server 8.4\bin\mysqld.exe (mysqld 8.4.8) starting as process 20332
2026-05-17T12:23:12.351820Z 1 [System] [MY-013576] [InnoDB] InnoDB initialization has started.
2026-05-17T12:23:12.974921Z 1 [System] [MY-013577] [InnoDB] InnoDB initialization has ended.
2026-05-17T12:23:13.159105Z 0 [System] [MY-010229] [Server] Starting XA crash recovery...
2026-05-17T12:23:13.165085Z 0 [System] [MY-010232] [Server] XA crash recovery finished.
2026-05-17T12:23:13.315589Z 0 [Warning] [MY-010068] [Server] CA certificate ca.pem is self signed.
2026-05-17T12:23:13.315838Z 0 [System] [MY-013602] [Server] Channel mysql_main configured to support TLS. Encrypted connections are now supported for this channel.
2026-05-17T12:23:13.364899Z 0 [System] [MY-011323] [Server] X Plugin ready for connections. Bind-address: '::' port: 33060
2026-05-17T12:23:13.364970Z 0 [System] [MY-010931] [Server] C:\Program Files\MySQL\MySQL Server 8.4\bin\mysqld.exe: ready for connections. Version: '8.4.8'  socket: ''  port: 3306  MySQL Community Server - GPL.
2026-05-17T12:23:24.152093Z 0 [System] [MY-015015] [Server] MySQL Server - start.
2026-05-17T12:23:24.353092Z 0 [System] [MY-010116] [Server] C:\Program Files\MySQL\MySQL Server 8.4\bin\mysqld.exe (mysqld 8.4.8) starting as process 20024
2026-05-17T12:23:24.403010Z 1 [System] [MY-013576] [InnoDB] InnoDB initialization has started.
2026-05-17T12:23:25.539357Z 1 [System] [MY-013577] [InnoDB] InnoDB initialization has ended.
2026-05-17T12:23:25.691435Z 0 [System] [MY-010229] [Server] Starting XA crash recovery...
2026-05-17T12:23:25.695113Z 0 [System] [MY-010232] [Server] XA crash recovery finished.
2026-05-17T12:23:25.822906Z 0 [Warning] [MY-010068] [Server] CA certificate ca.pem is self signed.
2026-05-17T12:23:25.823172Z 0 [System] [MY-013602] [Server] Channel mysql_main configured to support TLS. Encrypted connections are now supported for this channel.
2026-05-17T12:23:25.863509Z 0 [System] [MY-011323] [Server] X Plugin ready for connections. Bind-address: '::' port: 33060
2026-05-17T12:23:25.863607Z 0 [System] [MY-010931] [Server] C:\Program Files\MySQL\MySQL Server 8.4\bin\mysqld.exe: ready for connections. Version: '8.4.8'  socket: ''  port: 3306  MySQL Community Server - GPL.
2026-05-17T13:59:24.870037Z 0 [System] [MY-015015] [Server] MySQL Server - start.
2026-05-17T13:59:25.041469Z 0 [System] [MY-010116] [Server] C:\Program Files\MySQL\MySQL Server 8.4\bin\mysqld.exe (mysqld 8.4.8) starting as process 20980
2026-05-17T13:59:25.090738Z 1 [System] [MY-013576] [InnoDB] InnoDB initialization has started.
2026-05-17T13:59:25.696723Z 1 [System] [MY-013577] [InnoDB] InnoDB initialization has ended.
2026-05-17T13:59:25.873872Z 0 [System] [MY-010229] [Server] Starting XA crash recovery...
2026-05-17T13:59:25.877826Z 0 [System] [MY-010232] [Server] XA crash recovery finished.
2026-05-17T13:59:26.000663Z 0 [Warning] [MY-010068] [Server] CA certificate ca.pem is self signed.
2026-05-17T13:59:26.000957Z 0 [System] [MY-013602] [Server] Channel mysql_main configured to support TLS. Encrypted connections are now supported for this channel.
2026-05-17T13:59:26.051252Z 0 [System] [MY-011323] [Server] X Plugin ready for connections. Bind-address: '::' port: 33060
2026-05-17T13:59:26.051318Z 0 [System] [MY-010931] [Server] C:\Program Files\MySQL\MySQL Server 8.4\bin\mysqld.exe: ready for connections. Version: '8.4.8'  socket: ''  port: 3306  MySQL Community Server - GPL.
2026-05-17T14:14:08.282105Z 0 [System] [MY-015015] [Server] MySQL Server - start.
2026-05-17T14:14:08.458124Z 0 [System] [MY-010116] [Server] C:\Program Files\MySQL\MySQL Server 8.4\bin\mysqld.exe (mysqld 8.4.8) starting as process 19712
2026-05-17T14:14:08.503618Z 1 [System] [MY-013576] [InnoDB] InnoDB initialization has started.
2026-05-17T14:14:09.146401Z 1 [System] [MY-013577] [InnoDB] InnoDB initialization has ended.
2026-05-17T14:14:09.308564Z 0 [System] [MY-010229] [Server] Starting XA crash recovery...
2026-05-17T14:14:09.312326Z 0 [System] [MY-010232] [Server] XA crash recovery finished.
2026-05-17T14:14:09.542070Z 0 [Warning] [MY-010068] [Server] CA certificate ca.pem is self signed.
2026-05-17T14:14:09.542332Z 0 [System] [MY-013602] [Server] Channel mysql_main configured to support TLS. Encrypted connections are now supported for this channel.
2026-05-17T14:14:09.578148Z 0 [System] [MY-010931] [Server] C:\Program Files\MySQL\MySQL Server 8.4\bin\mysqld.exe: ready for connections. Version: '8.4.8'  socket: ''  port: 3306  MySQL Community Server - GPL.
2026-05-17T14:14:09.578165Z 0 [System] [MY-011323] [Server] X Plugin ready for connections. Bind-address: '::' port: 33060
2026-05-17T14:14:12.147705Z 0 [System] [MY-015015] [Server] MySQL Server - start.
2026-05-17T14:14:12.367822Z 0 [System] [MY-010116] [Server] C:\Program Files\MySQL\MySQL Server 8.4\bin\mysqld.exe (mysqld 8.4.8) starting as process 13524
2026-05-17T14:14:12.422794Z 1 [System] [MY-013576] [InnoDB] InnoDB initialization has started.
2026-05-17T14:14:13.565605Z 1 [System] [MY-013577] [InnoDB] InnoDB initialization has ended.
2026-05-17T14:14:13.721496Z 0 [System] [MY-010229] [Server] Starting XA crash recovery...
2026-05-17T14:14:13.725117Z 0 [System] [MY-010232] [Server] XA crash recovery finished.
2026-05-17T14:14:13.811224Z 0 [Warning] [MY-010068] [Server] CA certificate ca.pem is self signed.
2026-05-17T14:14:13.811601Z 0 [System] [MY-013602] [Server] Channel mysql_main configured to support TLS. Encrypted connections are now supported for this channel.
2026-05-17T14:14:13.850246Z 0 [System] [MY-011323] [Server] X Plugin ready for connections. Bind-address: '::' port: 33060
2026-05-17T14:14:13.850521Z 0 [System] [MY-010931] [Server] C:\Program Files\MySQL\MySQL Server 8.4\bin\mysqld.exe: ready for connections. Version: '8.4.8'  socket: ''  port: 3306  MySQL Community Server - GPL.
2026-05-18T00:13:32.967695Z 0 [System] [MY-015015] [Server] MySQL Server - start.
2026-05-18T00:13:33.158578Z 0 [System] [MY-010116] [Server] C:\Program Files\MySQL\MySQL Server 8.4\bin\mysqld.exe (mysqld 8.4.8) starting as process 17744
2026-05-18T00:13:33.230601Z 1 [System] [MY-013576] [InnoDB] InnoDB initialization has started.
2026-05-18T00:13:34.481799Z 1 [System] [MY-013577] [InnoDB] InnoDB initialization has ended.
2026-05-18T00:13:34.714635Z 0 [System] [MY-010229] [Server] Starting XA crash recovery...
2026-05-18T00:13:34.718445Z 0 [System] [MY-010232] [Server] XA crash recovery finished.
2026-05-18T00:13:34.898080Z 0 [Warning] [MY-010068] [Server] CA certificate ca.pem is self signed.
2026-05-18T00:13:34.898371Z 0 [System] [MY-013602] [Server] Channel mysql_main configured to support TLS. Encrypted connections are now supported for this channel.
2026-05-18T00:13:34.982481Z 0 [System] [MY-011323] [Server] X Plugin ready for connections. Bind-address: '::' port: 33060
2026-05-18T00:13:34.982803Z 0 [System] [MY-010931] [Server] C:\Program Files\MySQL\MySQL Server 8.4\bin\mysqld.exe: ready for connections. Version: '8.4.8'  socket: ''  port: 3306  MySQL Community Server - GPL.
2026-05-18T01:06:33.380046Z 0 [System] [MY-015015] [Server] MySQL Server - start.
2026-05-18T01:06:33.634359Z 0 [System] [MY-010116] [Server] C:\Program Files\MySQL\MySQL Server 8.4\bin\mysqld.exe (mysqld 8.4.8) starting as process 20192
2026-05-18T01:06:33.746848Z 1 [System] [MY-013576] [InnoDB] InnoDB initialization has started.
2026-05-18T01:06:34.910795Z 1 [System] [MY-013577] [InnoDB] InnoDB initialization has ended.
2026-05-18T01:06:35.135451Z 0 [System] [MY-010229] [Server] Starting XA crash recovery...
2026-05-18T01:06:35.139555Z 0 [System] [MY-010232] [Server] XA crash recovery finished.
2026-05-18T01:06:35.348658Z 0 [Warning] [MY-010068] [Server] CA certificate ca.pem is self signed.
2026-05-18T01:06:35.348921Z 0 [System] [MY-013602] [Server] Channel mysql_main configured to support TLS. Encrypted connections are now supported for this channel.
2026-05-18T01:06:35.436920Z 0 [System] [MY-011323] [Server] X Plugin ready for connections. Bind-address: '::' port: 33060
2026-05-18T01:06:35.437296Z 0 [System] [MY-010931] [Server] C:\Program Files\MySQL\MySQL Server 8.4\bin\mysqld.exe: ready for connections. Version: '8.4.8'  socket: ''  port: 3306  MySQL Community Server - GPL.
2026-05-18T03:25:35.226006Z 0 [System] [MY-015015] [Server] MySQL Server - start.
2026-05-18T03:25:35.433956Z 0 [System] [MY-010116] [Server] C:\Program Files\MySQL\MySQL Server 8.4\bin\mysqld.exe (mysqld 8.4.8) starting as process 828
2026-05-18T03:25:35.463175Z 1 [System] [MY-013576] [InnoDB] InnoDB initialization has started.
2026-05-18T03:25:36.203446Z 1 [System] [MY-013577] [InnoDB] InnoDB initialization has ended.
2026-05-18T03:25:36.397506Z 0 [System] [MY-010229] [Server] Starting XA crash recovery...
2026-05-18T03:25:36.403877Z 0 [System] [MY-010232] [Server] XA crash recovery finished.
2026-05-18T03:25:36.497420Z 0 [Warning] [MY-010068] [Server] CA certificate ca.pem is self signed.
2026-05-18T03:25:36.497679Z 0 [System] [MY-013602] [Server] Channel mysql_main configured to support TLS. Encrypted connections are now supported for this channel.
2026-05-18T03:25:36.538256Z 0 [System] [MY-011323] [Server] X Plugin ready for connections. Bind-address: '::' port: 33060
2026-05-18T03:25:36.538328Z 0 [System] [MY-010931] [Server] C:\Program Files\MySQL\MySQL Server 8.4\bin\mysqld.exe: ready for connections. Version: '8.4.8'  socket: ''  port: 3306  MySQL Community Server - GPL.
2026-05-18T03:29:55.747789Z 0 [System] [MY-015015] [Server] MySQL Server - start.
2026-05-18T03:29:56.023856Z 0 [System] [MY-010116] [Server] C:\Program Files\MySQL\MySQL Server 8.4\bin\mysqld.exe (mysqld 8.4.8) starting as process 11936
2026-05-18T03:29:56.078038Z 1 [System] [MY-013576] [InnoDB] InnoDB initialization has started.
2026-05-18T03:29:56.744501Z 1 [System] [MY-013577] [InnoDB] InnoDB initialization has ended.
2026-05-18T03:29:56.938344Z 0 [System] [MY-010229] [Server] Starting XA crash recovery...
2026-05-18T03:29:56.943358Z 0 [System] [MY-010232] [Server] XA crash recovery finished.
2026-05-18T03:29:57.071112Z 0 [Warning] [MY-010068] [Server] CA certificate ca.pem is self signed.
2026-05-18T03:29:57.071509Z 0 [System] [MY-013602] [Server] Channel mysql_main configured to support TLS. Encrypted connections are now supported for this channel.
2026-05-18T03:29:57.134010Z 0 [System] [MY-011323] [Server] X Plugin ready for connections. Bind-address: '::' port: 33060
2026-05-18T03:29:57.134445Z 0 [System] [MY-010931] [Server] C:\Program Files\MySQL\MySQL Server 8.4\bin\mysqld.exe: ready for connections. Version: '8.4.8'  socket: ''  port: 3306  MySQL Community Server - GPL.
2026-05-18T07:59:31.266431Z 0 [System] [MY-015015] [Server] MySQL Server - start.
2026-05-18T07:59:31.457671Z 0 [System] [MY-010116] [Server] C:\Program Files\MySQL\MySQL Server 8.4\bin\mysqld.exe (mysqld 8.4.8) starting as process 5596
2026-05-18T07:59:31.542291Z 1 [System] [MY-013576] [InnoDB] InnoDB initialization has started.
2026-05-18T07:59:32.607719Z 1 [System] [MY-013577] [InnoDB] InnoDB initialization has ended.
2026-05-18T07:59:32.819199Z 0 [System] [MY-010229] [Server] Starting XA crash recovery...
2026-05-18T07:59:32.823326Z 0 [System] [MY-010232] [Server] XA crash recovery finished.
2026-05-18T07:59:33.000887Z 0 [Warning] [MY-010068] [Server] CA certificate ca.pem is self signed.
2026-05-18T07:59:33.001131Z 0 [System] [MY-013602] [Server] Channel mysql_main configured to support TLS. Encrypted connections are now supported for this channel.
2026-05-18T07:59:33.049844Z 0 [System] [MY-011323] [Server] X Plugin ready for connections. Bind-address: '::' port: 33060
2026-05-18T07:59:33.049967Z 0 [System] [MY-010931] [Server] C:\Program Files\MySQL\MySQL Server 8.4\bin\mysqld.exe: ready for connections. Version: '8.4.8'  socket: ''  port: 3306  MySQL Community Server - GPL.
2026-05-18T08:21:09.507065Z 0 [System] [MY-015015] [Server] MySQL Server - start.
2026-05-18T08:21:09.719235Z 0 [System] [MY-010116] [Server] C:\Program Files\MySQL\MySQL Server 8.4\bin\mysqld.exe (mysqld 8.4.8) starting as process 5352
2026-05-18T08:21:09.803094Z 1 [System] [MY-013576] [InnoDB] InnoDB initialization has started.
2026-05-18T08:21:11.007422Z 1 [System] [MY-013577] [InnoDB] InnoDB initialization has ended.
2026-05-18T08:21:11.240781Z 0 [System] [MY-010229] [Server] Starting XA crash recovery...
2026-05-18T08:21:11.245137Z 0 [System] [MY-010232] [Server] XA crash recovery finished.
2026-05-18T08:21:11.424735Z 0 [Warning] [MY-010068] [Server] CA certificate ca.pem is self signed.
2026-05-18T08:21:11.425099Z 0 [System] [MY-013602] [Server] Channel mysql_main configured to support TLS. Encrypted connections are now supported for this channel.
2026-05-18T08:21:11.468340Z 0 [System] [MY-011323] [Server] X Plugin ready for connections. Bind-address: '::' port: 33060
2026-05-18T08:21:11.468465Z 0 [System] [MY-010931] [Server] C:\Program Files\MySQL\MySQL Server 8.4\bin\mysqld.exe: ready for connections. Version: '8.4.8'  socket: ''  port: 3306  MySQL Community Server - GPL.
2026-05-18T14:35:59.899864Z 0 [System] [MY-015015] [Server] MySQL Server - start.
2026-05-18T14:36:00.127792Z 0 [System] [MY-010116] [Server] C:\Program Files\MySQL\MySQL Server 8.4\bin\mysqld.exe (mysqld 8.4.8) starting as process 15728
2026-05-18T14:36:00.213464Z 1 [System] [MY-013576] [InnoDB] InnoDB initialization has started.
2026-05-18T14:36:01.545499Z 1 [System] [MY-013577] [InnoDB] InnoDB initialization has ended.
2026-05-18T14:36:01.908258Z 0 [System] [MY-010229] [Server] Starting XA crash recovery...
2026-05-18T14:36:01.913233Z 0 [System] [MY-010232] [Server] XA crash recovery finished.
2026-05-18T14:36:02.123821Z 0 [Warning] [MY-010068] [Server] CA certificate ca.pem is self signed.
2026-05-18T14:36:02.124301Z 0 [System] [MY-013602] [Server] Channel mysql_main configured to support TLS. Encrypted connections are now supported for this channel.
2026-05-18T14:36:02.234927Z 0 [System] [MY-011323] [Server] X Plugin ready for connections. Bind-address: '::' port: 33060
2026-05-18T14:36:02.236026Z 0 [System] [MY-010931] [Server] C:\Program Files\MySQL\MySQL Server 8.4\bin\mysqld.exe: ready for connections. Version: '8.4.8'  socket: ''  port: 3306  MySQL Community Server - GPL.
2026-05-18T14:39:49.812771Z 0 [System] [MY-015015] [Server] MySQL Server - start.
2026-05-18T14:39:50.047137Z 0 [System] [MY-010116] [Server] C:\Program Files\MySQL\MySQL Server 8.4\bin\mysqld.exe (mysqld 8.4.8) starting as process 6740
2026-05-18T14:39:50.082270Z 1 [System] [MY-013576] [InnoDB] InnoDB initialization has started.
2026-05-18T14:39:50.897131Z 1 [System] [MY-013577] [InnoDB] InnoDB initialization has ended.
2026-05-18T14:39:51.115453Z 0 [System] [MY-010229] [Server] Starting XA crash recovery...
2026-05-18T14:39:51.120083Z 0 [System] [MY-010232] [Server] XA crash recovery finished.
2026-05-18T14:39:51.177757Z 0 [Warning] [MY-010068] [Server] CA certificate ca.pem is self signed.
2026-05-18T14:39:51.178101Z 0 [System] [MY-013602] [Server] Channel mysql_main configured to support TLS. Encrypted connections are now supported for this channel.
2026-05-18T14:39:51.226437Z 0 [System] [MY-011323] [Server] X Plugin ready for connections. Bind-address: '::' port: 33060
2026-05-18T14:39:51.226688Z 0 [System] [MY-010931] [Server] C:\Program Files\MySQL\MySQL Server 8.4\bin\mysqld.exe: ready for connections. Version: '8.4.8'  socket: ''  port: 3306  MySQL Community Server - GPL.
2026-05-18T16:11:58.516297Z 0 [System] [MY-015015] [Server] MySQL Server - start.
2026-05-18T16:11:58.696075Z 0 [System] [MY-010116] [Server] C:\Program Files\MySQL\MySQL Server 8.4\bin\mysqld.exe (mysqld 8.4.8) starting as process 22172
2026-05-18T16:11:58.817810Z 1 [System] [MY-013576] [InnoDB] InnoDB initialization has started.
2026-05-18T16:11:59.990788Z 1 [System] [MY-013577] [InnoDB] InnoDB initialization has ended.
2026-05-18T16:12:00.204130Z 0 [System] [MY-010229] [Server] Starting XA crash recovery...
2026-05-18T16:12:00.207759Z 0 [System] [MY-010232] [Server] XA crash recovery finished.
2026-05-18T16:12:00.339294Z 0 [Warning] [MY-010068] [Server] CA certificate ca.pem is self signed.
2026-05-18T16:12:00.339557Z 0 [System] [MY-013602] [Server] Channel mysql_main configured to support TLS. Encrypted connections are now supported for this channel.
2026-05-18T16:12:00.395407Z 0 [System] [MY-011323] [Server] X Plugin ready for connections. Bind-address: '::' port: 33060
2026-05-18T16:12:00.395554Z 0 [System] [MY-010931] [Server] C:\Program Files\MySQL\MySQL Server 8.4\bin\mysqld.exe: ready for connections. Version: '8.4.8'  socket: ''  port: 3306  MySQL Community Server - GPL.
2026-05-19T00:23:48.378183Z 0 [System] [MY-015015] [Server] MySQL Server - start.
2026-05-19T00:23:48.490844Z 0 [System] [MY-010116] [Server] C:\Program Files\MySQL\MySQL Server 8.4\bin\mysqld.exe (mysqld 8.4.8) starting as process 14696
2026-05-19T00:23:48.560445Z 1 [System] [MY-013576] [InnoDB] InnoDB initialization has started.
2026-05-19T00:23:49.435855Z 1 [System] [MY-013577] [InnoDB] InnoDB initialization has ended.
2026-05-19T00:23:49.627044Z 0 [System] [MY-010229] [Server] Starting XA crash recovery...
2026-05-19T00:23:49.631345Z 0 [System] [MY-010232] [Server] XA crash recovery finished.
2026-05-19T00:23:49.803558Z 0 [Warning] [MY-010068] [Server] CA certificate ca.pem is self signed.
2026-05-19T00:23:49.803850Z 0 [System] [MY-013602] [Server] Channel mysql_main configured to support TLS. Encrypted connections are now supported for this channel.
2026-05-19T00:23:49.841962Z 0 [System] [MY-011323] [Server] X Plugin ready for connections. Bind-address: '::' port: 33060
2026-05-19T00:23:49.842035Z 0 [System] [MY-010931] [Server] C:\Program Files\MySQL\MySQL Server 8.4\bin\mysqld.exe: ready for connections. Version: '8.4.8'  socket: ''  port: 3306  MySQL Community Server - GPL.
2026-05-19T01:53:08.274113Z 0 [System] [MY-015015] [Server] MySQL Server - start.
2026-05-19T01:53:08.521527Z 0 [System] [MY-010116] [Server] C:\Program Files\MySQL\MySQL Server 8.4\bin\mysqld.exe (mysqld 8.4.8) starting as process 12104
2026-05-19T01:53:08.587115Z 1 [System] [MY-013576] [InnoDB] InnoDB initialization has started.
2026-05-19T01:53:09.499217Z 1 [System] [MY-013577] [InnoDB] InnoDB initialization has ended.
2026-05-19T01:53:09.686867Z 0 [System] [MY-010229] [Server] Starting XA crash recovery...
2026-05-19T01:53:09.691884Z 0 [System] [MY-010232] [Server] XA crash recovery finished.
2026-05-19T01:53:09.854881Z 0 [Warning] [MY-010068] [Server] CA certificate ca.pem is self signed.
2026-05-19T01:53:09.855170Z 0 [System] [MY-013602] [Server] Channel mysql_main configured to support TLS. Encrypted connections are now supported for this channel.
2026-05-19T01:53:09.890393Z 0 [System] [MY-011323] [Server] X Plugin ready for connections. Bind-address: '::' port: 33060
2026-05-19T01:53:09.890407Z 0 [System] [MY-010931] [Server] C:\Program Files\MySQL\MySQL Server 8.4\bin\mysqld.exe: ready for connections. Version: '8.4.8'  socket: ''  port: 3306  MySQL Community Server - GPL.
2026-05-19T05:05:22.102684Z 0 [System] [MY-015015] [Server] MySQL Server - start.
2026-05-19T05:05:22.349026Z 0 [System] [MY-010116] [Server] C:\Program Files\MySQL\MySQL Server 8.4\bin\mysqld.exe (mysqld 8.4.8) starting as process 22736
2026-05-19T05:05:22.517656Z 1 [System] [MY-013576] [InnoDB] InnoDB initialization has started.
2026-05-19T05:05:24.076702Z 1 [System] [MY-013577] [InnoDB] InnoDB initialization has ended.
2026-05-19T05:05:24.360159Z 0 [System] [MY-010229] [Server] Starting XA crash recovery...
2026-05-19T05:05:24.370088Z 0 [System] [MY-010232] [Server] XA crash recovery finished.
2026-05-19T05:05:24.571980Z 0 [Warning] [MY-010068] [Server] CA certificate ca.pem is self signed.
2026-05-19T05:05:24.572463Z 0 [System] [MY-013602] [Server] Channel mysql_main configured to support TLS. Encrypted connections are now supported for this channel.
2026-05-19T05:05:24.670687Z 0 [System] [MY-011323] [Server] X Plugin ready for connections. Bind-address: '::' port: 33060
2026-05-19T05:05:24.670912Z 0 [System] [MY-010931] [Server] C:\Program Files\MySQL\MySQL Server 8.4\bin\mysqld.exe: ready for connections. Version: '8.4.8'  socket: ''  port: 3306  MySQL Community Server - GPL.
2026-05-19T05:42:31.103086Z 0 [System] [MY-015015] [Server] MySQL Server - start.
2026-05-19T05:42:31.326541Z 0 [System] [MY-010116] [Server] C:\Program Files\MySQL\MySQL Server 8.4\bin\mysqld.exe (mysqld 8.4.8) starting as process 22324
2026-05-19T05:42:31.360329Z 1 [System] [MY-013576] [InnoDB] InnoDB initialization has started.
2026-05-19T05:42:32.058701Z 1 [System] [MY-013577] [InnoDB] InnoDB initialization has ended.
2026-05-19T05:42:32.246617Z 0 [System] [MY-010229] [Server] Starting XA crash recovery...
2026-05-19T05:42:32.252711Z 0 [System] [MY-010232] [Server] XA crash recovery finished.
2026-05-19T05:42:32.366806Z 0 [Warning] [MY-010068] [Server] CA certificate ca.pem is self signed.
2026-05-19T05:42:32.367096Z 0 [System] [MY-013602] [Server] Channel mysql_main configured to support TLS. Encrypted connections are now supported for this channel.
2026-05-19T05:42:32.397253Z 0 [System] [MY-011323] [Server] X Plugin ready for connections. Bind-address: '::' port: 33060
2026-05-19T05:42:32.397380Z 0 [System] [MY-010931] [Server] C:\Program Files\MySQL\MySQL Server 8.4\bin\mysqld.exe: ready for connections. Version: '8.4.8'  socket: ''  port: 3306  MySQL Community Server - GPL.
2026-05-19T09:31:50.583779Z 0 [System] [MY-015015] [Server] MySQL Server - start.
2026-05-19T09:31:50.819345Z 0 [System] [MY-010116] [Server] C:\Program Files\MySQL\MySQL Server 8.4\bin\mysqld.exe (mysqld 8.4.8) starting as process 8304
2026-05-19T09:31:50.892451Z 1 [System] [MY-013576] [InnoDB] InnoDB initialization has started.
2026-05-19T09:31:51.722674Z 1 [System] [MY-013577] [InnoDB] InnoDB initialization has ended.
2026-05-19T09:31:51.908345Z 0 [System] [MY-010229] [Server] Starting XA crash recovery...
2026-05-19T09:31:51.913063Z 0 [System] [MY-010232] [Server] XA crash recovery finished.
2026-05-19T09:31:52.055342Z 0 [Warning] [MY-010068] [Server] CA certificate ca.pem is self signed.
2026-05-19T09:31:52.055589Z 0 [System] [MY-013602] [Server] Channel mysql_main configured to support TLS. Encrypted connections are now supported for this channel.
2026-05-19T09:31:52.092688Z 0 [System] [MY-011323] [Server] X Plugin ready for connections. Bind-address: '::' port: 33060
2026-05-19T09:31:52.092842Z 0 [System] [MY-010931] [Server] C:\Program Files\MySQL\MySQL Server 8.4\bin\mysqld.exe: ready for connections. Version: '8.4.8'  socket: ''  port: 3306  MySQL Community Server - GPL.
2026-05-19T16:33:52.554916Z 0 [System] [MY-015015] [Server] MySQL Server - start.
2026-05-19T16:33:52.777271Z 0 [System] [MY-010116] [Server] C:\Program Files\MySQL\MySQL Server 8.4\bin\mysqld.exe (mysqld 8.4.8) starting as process 23692
2026-05-19T16:33:52.873613Z 1 [System] [MY-013576] [InnoDB] InnoDB initialization has started.
2026-05-19T16:33:54.018092Z 1 [System] [MY-013577] [InnoDB] InnoDB initialization has ended.
2026-05-19T16:33:54.283004Z 0 [System] [MY-010229] [Server] Starting XA crash recovery...
2026-05-19T16:33:54.287425Z 0 [System] [MY-010232] [Server] XA crash recovery finished.
2026-05-19T16:33:54.463719Z 0 [Warning] [MY-010068] [Server] CA certificate ca.pem is self signed.
2026-05-19T16:33:54.464061Z 0 [System] [MY-013602] [Server] Channel mysql_main configured to support TLS. Encrypted connections are now supported for this channel.
2026-05-19T16:33:54.525721Z 0 [System] [MY-011323] [Server] X Plugin ready for connections. Bind-address: '::' port: 33060
2026-05-19T16:33:54.525925Z 0 [System] [MY-010931] [Server] C:\Program Files\MySQL\MySQL Server 8.4\bin\mysqld.exe: ready for connections. Version: '8.4.8'  socket: ''  port: 3306  MySQL Community Server - GPL.
2026-05-19T16:38:41.008753Z 0 [System] [MY-015015] [Server] MySQL Server - start.
2026-05-19T16:38:41.228592Z 0 [System] [MY-010116] [Server] C:\Program Files\MySQL\MySQL Server 8.4\bin\mysqld.exe (mysqld 8.4.8) starting as process 21260
2026-05-19T16:38:41.266376Z 1 [System] [MY-013576] [InnoDB] InnoDB initialization has started.
2026-05-19T16:38:41.988319Z 1 [System] [MY-013577] [InnoDB] InnoDB initialization has ended.
2026-05-19T16:38:42.188164Z 0 [System] [MY-010229] [Server] Starting XA crash recovery...
2026-05-19T16:38:42.192388Z 0 [System] [MY-010232] [Server] XA crash recovery finished.
2026-05-19T16:38:42.321309Z 0 [Warning] [MY-010068] [Server] CA certificate ca.pem is self signed.
2026-05-19T16:38:42.321641Z 0 [System] [MY-013602] [Server] Channel mysql_main configured to support TLS. Encrypted connections are now supported for this channel.
2026-05-19T16:38:42.371061Z 0 [System] [MY-011323] [Server] X Plugin ready for connections. Bind-address: '::' port: 33060
2026-05-19T16:38:42.371349Z 0 [System] [MY-010931] [Server] C:\Program Files\MySQL\MySQL Server 8.4\bin\mysqld.exe: ready for connections. Version: '8.4.8'  socket: ''  port: 3306  MySQL Community Server - GPL.
2026-05-19T16:47:06.634634Z 0 [System] [MY-015015] [Server] MySQL Server - start.
2026-05-19T16:47:06.836421Z 0 [System] [MY-010116] [Server] C:\Program Files\MySQL\MySQL Server 8.4\bin\mysqld.exe (mysqld 8.4.8) starting as process 7692
2026-05-19T16:47:06.889158Z 1 [System] [MY-013576] [InnoDB] InnoDB initialization has started.
2026-05-19T16:47:07.690991Z 1 [System] [MY-013577] [InnoDB] InnoDB initialization has ended.
2026-05-19T16:47:07.937442Z 0 [System] [MY-010229] [Server] Starting XA crash recovery...
2026-05-19T16:47:07.941949Z 0 [System] [MY-010232] [Server] XA crash recovery finished.
2026-05-19T16:47:08.100568Z 0 [Warning] [MY-010068] [Server] CA certificate ca.pem is self signed.
2026-05-19T16:47:08.100921Z 0 [System] [MY-013602] [Server] Channel mysql_main configured to support TLS. Encrypted connections are now supported for this channel.
2026-05-19T16:47:08.177772Z 0 [System] [MY-011323] [Server] X Plugin ready for connections. Bind-address: '::' port: 33060
2026-05-19T16:47:08.177997Z 0 [System] [MY-010931] [Server] C:\Program Files\MySQL\MySQL Server 8.4\bin\mysqld.exe: ready for connections. Version: '8.4.8'  socket: ''  port: 3306  MySQL Community Server - GPL.
2026-05-19T16:49:21.816748Z 0 [System] [MY-015015] [Server] MySQL Server - start.
2026-05-19T16:49:22.063560Z 0 [System] [MY-010116] [Server] C:\Program Files\MySQL\MySQL Server 8.4\bin\mysqld.exe (mysqld 8.4.8) starting as process 18224
2026-05-19T16:49:22.132818Z 1 [System] [MY-013576] [InnoDB] InnoDB initialization has started.
2026-05-19T16:49:22.879182Z 1 [System] [MY-013577] [InnoDB] InnoDB initialization has ended.
2026-05-19T16:49:23.161769Z 0 [System] [MY-010229] [Server] Starting XA crash recovery...
2026-05-19T16:49:23.167976Z 0 [System] [MY-010232] [Server] XA crash recovery finished.
2026-05-19T16:49:23.306828Z 0 [Warning] [MY-010068] [Server] CA certificate ca.pem is self signed.
2026-05-19T16:49:23.307380Z 0 [System] [MY-013602] [Server] Channel mysql_main configured to support TLS. Encrypted connections are now supported for this channel.
2026-05-19T16:49:23.374974Z 0 [System] [MY-011323] [Server] X Plugin ready for connections. Bind-address: '::' port: 33060
2026-05-19T16:49:23.375264Z 0 [System] [MY-010931] [Server] C:\Program Files\MySQL\MySQL Server 8.4\bin\mysqld.exe: ready for connections. Version: '8.4.8'  socket: ''  port: 3306  MySQL Community Server - GPL.
2026-05-19T16:52:06.847656Z 0 [System] [MY-015015] [Server] MySQL Server - start.
2026-05-19T16:52:07.105553Z 0 [System] [MY-010116] [Server] C:\Program Files\MySQL\MySQL Server 8.4\bin\mysqld.exe (mysqld 8.4.8) starting as process 21008
2026-05-19T16:52:07.171669Z 1 [System] [MY-013576] [InnoDB] InnoDB initialization has started.
2026-05-19T16:52:07.919888Z 1 [System] [MY-013577] [InnoDB] InnoDB initialization has ended.
2026-05-19T16:52:08.142661Z 0 [System] [MY-010229] [Server] Starting XA crash recovery...
2026-05-19T16:52:08.147206Z 0 [System] [MY-010232] [Server] XA crash recovery finished.
2026-05-19T16:52:08.274543Z 0 [Warning] [MY-010068] [Server] CA certificate ca.pem is self signed.
2026-05-19T16:52:08.274944Z 0 [System] [MY-013602] [Server] Channel mysql_main configured to support TLS. Encrypted connections are now supported for this channel.
2026-05-19T16:52:08.333577Z 0 [System] [MY-011323] [Server] X Plugin ready for connections. Bind-address: '::' port: 33060
2026-05-19T16:52:08.333686Z 0 [System] [MY-010931] [Server] C:\Program Files\MySQL\MySQL Server 8.4\bin\mysqld.exe: ready for connections. Version: '8.4.8'  socket: ''  port: 3306  MySQL Community Server - GPL.
2026-05-20T01:01:47.803715Z 0 [System] [MY-015015] [Server] MySQL Server - start.
2026-05-20T01:01:47.997327Z 0 [System] [MY-010116] [Server] C:\Program Files\MySQL\MySQL Server 8.4\bin\mysqld.exe (mysqld 8.4.8) starting as process 5364
2026-05-20T01:01:48.081435Z 1 [System] [MY-013576] [InnoDB] InnoDB initialization has started.
2026-05-20T01:01:48.980676Z 1 [System] [MY-013577] [InnoDB] InnoDB initialization has ended.
2026-05-20T01:01:49.186276Z 0 [System] [MY-010229] [Server] Starting XA crash recovery...
2026-05-20T01:01:49.190468Z 0 [System] [MY-010232] [Server] XA crash recovery finished.
2026-05-20T01:01:49.349613Z 0 [Warning] [MY-010068] [Server] CA certificate ca.pem is self signed.
2026-05-20T01:01:49.349902Z 0 [System] [MY-013602] [Server] Channel mysql_main configured to support TLS. Encrypted connections are now supported for this channel.
2026-05-20T01:01:49.391250Z 0 [System] [MY-011323] [Server] X Plugin ready for connections. Bind-address: '::' port: 33060
2026-05-20T01:01:49.391348Z 0 [System] [MY-010931] [Server] C:\Program Files\MySQL\MySQL Server 8.4\bin\mysqld.exe: ready for connections. Version: '8.4.8'  socket: ''  port: 3306  MySQL Community Server - GPL.
2026-05-20T01:36:11.236015Z 0 [System] [MY-015015] [Server] MySQL Server - start.
2026-05-20T01:36:11.541373Z 0 [System] [MY-010116] [Server] C:\Program Files\MySQL\MySQL Server 8.4\bin\mysqld.exe (mysqld 8.4.8) starting as process 19352
2026-05-20T01:36:11.638352Z 1 [System] [MY-013576] [InnoDB] InnoDB initialization has started.
2026-05-20T01:36:12.758708Z 1 [System] [MY-013577] [InnoDB] InnoDB initialization has ended.
2026-05-20T01:36:13.293366Z 0 [System] [MY-010229] [Server] Starting XA crash recovery...
2026-05-20T01:36:13.310632Z 0 [System] [MY-010232] [Server] XA crash recovery finished.
2026-05-20T01:36:13.536866Z 0 [Warning] [MY-010068] [Server] CA certificate ca.pem is self signed.
2026-05-20T01:36:13.540132Z 0 [System] [MY-013602] [Server] Channel mysql_main configured to support TLS. Encrypted connections are now supported for this channel.
2026-05-20T01:36:13.669840Z 0 [System] [MY-011323] [Server] X Plugin ready for connections. Bind-address: '::' port: 33060
2026-05-20T01:36:13.670333Z 0 [System] [MY-010931] [Server] C:\Program Files\MySQL\MySQL Server 8.4\bin\mysqld.exe: ready for connections. Version: '8.4.8'  socket: ''  port: 3306  MySQL Community Server - GPL.
2026-05-20T03:05:11.307308Z 0 [System] [MY-015015] [Server] MySQL Server - start.
2026-05-20T03:05:11.562381Z 0 [System] [MY-010116] [Server] C:\Program Files\MySQL\MySQL Server 8.4\bin\mysqld.exe (mysqld 8.4.8) starting as process 23416
2026-05-20T03:05:11.654067Z 1 [System] [MY-013576] [InnoDB] InnoDB initialization has started.
2026-05-20T03:05:12.699814Z 1 [System] [MY-013577] [InnoDB] InnoDB initialization has ended.
2026-05-20T03:05:12.944609Z 0 [System] [MY-010229] [Server] Starting XA crash recovery...
2026-05-20T03:05:12.948771Z 0 [System] [MY-010232] [Server] XA crash recovery finished.
2026-05-20T03:05:13.108303Z 0 [Warning] [MY-010068] [Server] CA certificate ca.pem is self signed.
2026-05-20T03:05:13.108650Z 0 [System] [MY-013602] [Server] Channel mysql_main configured to support TLS. Encrypted connections are now supported for this channel.
2026-05-20T03:05:13.171948Z 0 [System] [MY-011323] [Server] X Plugin ready for connections. Bind-address: '::' port: 33060
2026-05-20T03:05:13.172110Z 0 [System] [MY-010931] [Server] C:\Program Files\MySQL\MySQL Server 8.4\bin\mysqld.exe: ready for connections. Version: '8.4.8'  socket: ''  port: 3306  MySQL Community Server - GPL.
2026-05-20T05:35:34.237885Z 0 [System] [MY-015015] [Server] MySQL Server - start.
2026-05-20T05:35:34.515227Z 0 [System] [MY-010116] [Server] C:\Program Files\MySQL\MySQL Server 8.4\bin\mysqld.exe (mysqld 8.4.8) starting as process 23632
2026-05-20T05:35:34.602895Z 1 [System] [MY-013576] [InnoDB] InnoDB initialization has started.
2026-05-20T05:35:35.685753Z 1 [System] [MY-013577] [InnoDB] InnoDB initialization has ended.
2026-05-20T05:35:35.903674Z 0 [System] [MY-010229] [Server] Starting XA crash recovery...
2026-05-20T05:35:35.908589Z 0 [System] [MY-010232] [Server] XA crash recovery finished.
2026-05-20T05:35:36.063906Z 0 [Warning] [MY-010068] [Server] CA certificate ca.pem is self signed.
2026-05-20T05:35:36.064269Z 0 [System] [MY-013602] [Server] Channel mysql_main configured to support TLS. Encrypted connections are now supported for this channel.
2026-05-20T05:35:36.108171Z 0 [System] [MY-011323] [Server] X Plugin ready for connections. Bind-address: '::' port: 33060
2026-05-20T05:35:36.108294Z 0 [System] [MY-010931] [Server] C:\Program Files\MySQL\MySQL Server 8.4\bin\mysqld.exe: ready for connections. Version: '8.4.8'  socket: ''  port: 3306  MySQL Community Server - GPL.
2026-05-20T06:46:13.077718Z 0 [System] [MY-015015] [Server] MySQL Server - start.
2026-05-20T06:46:13.191066Z 0 [System] [MY-010116] [Server] C:\Program Files\MySQL\MySQL Server 8.4\bin\mysqld.exe (mysqld 8.4.8) starting as process 828
2026-05-20T06:46:13.290837Z 1 [System] [MY-013576] [InnoDB] InnoDB initialization has started.
2026-05-20T06:46:14.293182Z 1 [System] [MY-013577] [InnoDB] InnoDB initialization has ended.
2026-05-20T06:46:14.493053Z 0 [System] [MY-010229] [Server] Starting XA crash recovery...
2026-05-20T06:46:14.497455Z 0 [System] [MY-010232] [Server] XA crash recovery finished.
2026-05-20T06:46:14.653738Z 0 [Warning] [MY-010068] [Server] CA certificate ca.pem is self signed.
2026-05-20T06:46:14.654013Z 0 [System] [MY-013602] [Server] Channel mysql_main configured to support TLS. Encrypted connections are now supported for this channel.
2026-05-20T06:46:14.703648Z 0 [System] [MY-011323] [Server] X Plugin ready for connections. Bind-address: '::' port: 33060
2026-05-20T06:46:14.703747Z 0 [System] [MY-010931] [Server] C:\Program Files\MySQL\MySQL Server 8.4\bin\mysqld.exe: ready for connections. Version: '8.4.8'  socket: ''  port: 3306  MySQL Community Server - GPL.
2026-05-20T07:47:12.885587Z 0 [System] [MY-015015] [Server] MySQL Server - start.
2026-05-20T07:47:13.084185Z 0 [System] [MY-010116] [Server] C:\Program Files\MySQL\MySQL Server 8.4\bin\mysqld.exe (mysqld 8.4.8) starting as process 5336
2026-05-20T07:47:13.146830Z 1 [System] [MY-013576] [InnoDB] InnoDB initialization has started.
2026-05-20T07:47:14.111808Z 1 [System] [MY-013577] [InnoDB] InnoDB initialization has ended.
2026-05-20T07:47:14.285418Z 0 [System] [MY-010229] [Server] Starting XA crash recovery...
2026-05-20T07:47:14.288918Z 0 [System] [MY-010232] [Server] XA crash recovery finished.
2026-05-20T07:47:14.436054Z 0 [Warning] [MY-010068] [Server] CA certificate ca.pem is self signed.
2026-05-20T07:47:14.436302Z 0 [System] [MY-013602] [Server] Channel mysql_main configured to support TLS. Encrypted connections are now supported for this channel.
2026-05-20T07:47:14.478679Z 0 [System] [MY-011323] [Server] X Plugin ready for connections. Bind-address: '::' port: 33060
2026-05-20T07:47:14.478762Z 0 [System] [MY-010931] [Server] C:\Program Files\MySQL\MySQL Server 8.4\bin\mysqld.exe: ready for connections. Version: '8.4.8'  socket: ''  port: 3306  MySQL Community Server - GPL.
2026-05-20T08:39:47.031684Z 0 [System] [MY-015015] [Server] MySQL Server - start.
2026-05-20T08:39:47.233520Z 0 [System] [MY-010116] [Server] C:\Program Files\MySQL\MySQL Server 8.4\bin\mysqld.exe (mysqld 8.4.8) starting as process 15444
2026-05-20T08:39:47.349335Z 1 [System] [MY-013576] [InnoDB] InnoDB initialization has started.
2026-05-20T08:39:48.794812Z 1 [System] [MY-013577] [InnoDB] InnoDB initialization has ended.
2026-05-20T08:39:48.998023Z 0 [System] [MY-010229] [Server] Starting XA crash recovery...
2026-05-20T08:39:49.002702Z 0 [System] [MY-010232] [Server] XA crash recovery finished.
2026-05-20T08:39:49.175522Z 0 [Warning] [MY-010068] [Server] CA certificate ca.pem is self signed.
2026-05-20T08:39:49.176123Z 0 [System] [MY-013602] [Server] Channel mysql_main configured to support TLS. Encrypted connections are now supported for this channel.
2026-05-20T08:39:49.261214Z 0 [System] [MY-011323] [Server] X Plugin ready for connections. Bind-address: '::' port: 33060
2026-05-20T08:39:49.261392Z 0 [System] [MY-010931] [Server] C:\Program Files\MySQL\MySQL Server 8.4\bin\mysqld.exe: ready for connections. Version: '8.4.8'  socket: ''  port: 3306  MySQL Community Server - GPL.
2026-05-20T13:34:01.562351Z 0 [System] [MY-015015] [Server] MySQL Server - start.
2026-05-20T13:34:01.754514Z 0 [System] [MY-010116] [Server] C:\Program Files\MySQL\MySQL Server 8.4\bin\mysqld.exe (mysqld 8.4.8) starting as process 18172
2026-05-20T13:34:01.974287Z 1 [System] [MY-013576] [InnoDB] InnoDB initialization has started.
2026-05-20T13:34:03.619915Z 1 [System] [MY-013577] [InnoDB] InnoDB initialization has ended.
2026-05-20T13:34:03.842036Z 0 [System] [MY-010229] [Server] Starting XA crash recovery...
2026-05-20T13:34:03.847158Z 0 [System] [MY-010232] [Server] XA crash recovery finished.
2026-05-20T13:34:04.059746Z 0 [Warning] [MY-010068] [Server] CA certificate ca.pem is self signed.
2026-05-20T13:34:04.060039Z 0 [System] [MY-013602] [Server] Channel mysql_main configured to support TLS. Encrypted connections are now supported for this channel.
2026-05-20T13:34:04.126607Z 0 [System] [MY-011323] [Server] X Plugin ready for connections. Bind-address: '::' port: 33060
2026-05-20T13:34:04.126671Z 0 [System] [MY-010931] [Server] C:\Program Files\MySQL\MySQL Server 8.4\bin\mysqld.exe: ready for connections. Version: '8.4.8'  socket: ''  port: 3306  MySQL Community Server - GPL.
2026-05-20T13:38:14.021046Z 0 [System] [MY-015015] [Server] MySQL Server - start.
2026-05-20T13:38:14.264380Z 0 [System] [MY-010116] [Server] C:\Program Files\MySQL\MySQL Server 8.4\bin\mysqld.exe (mysqld 8.4.8) starting as process 16208
2026-05-20T13:38:14.321400Z 1 [System] [MY-013576] [InnoDB] InnoDB initialization has started.
2026-05-20T13:38:15.018622Z 1 [System] [MY-013577] [InnoDB] InnoDB initialization has ended.
2026-05-20T13:38:15.206603Z 0 [System] [MY-010229] [Server] Starting XA crash recovery...
2026-05-20T13:38:15.210370Z 0 [System] [MY-010232] [Server] XA crash recovery finished.
2026-05-20T13:38:15.338658Z 0 [Warning] [MY-010068] [Server] CA certificate ca.pem is self signed.
2026-05-20T13:38:15.338898Z 0 [System] [MY-013602] [Server] Channel mysql_main configured to support TLS. Encrypted connections are now supported for this channel.
2026-05-20T13:38:15.378138Z 0 [System] [MY-011323] [Server] X Plugin ready for connections. Bind-address: '::' port: 33060
2026-05-20T13:38:15.378236Z 0 [System] [MY-010931] [Server] C:\Program Files\MySQL\MySQL Server 8.4\bin\mysqld.exe: ready for connections. Version: '8.4.8'  socket: ''  port: 3306  MySQL Community Server - GPL.
2026-05-20T15:31:01.340492Z 0 [System] [MY-015015] [Server] MySQL Server - start.
2026-05-20T15:31:01.526919Z 0 [System] [MY-010116] [Server] C:\Program Files\MySQL\MySQL Server 8.4\bin\mysqld.exe (mysqld 8.4.8) starting as process 12344
2026-05-20T15:31:01.621295Z 1 [System] [MY-013576] [InnoDB] InnoDB initialization has started.
2026-05-20T15:31:02.708666Z 1 [System] [MY-013577] [InnoDB] InnoDB initialization has ended.
2026-05-20T15:31:02.950255Z 0 [System] [MY-010229] [Server] Starting XA crash recovery...
2026-05-20T15:31:02.954939Z 0 [System] [MY-010232] [Server] XA crash recovery finished.
2026-05-20T15:31:03.138502Z 0 [Warning] [MY-010068] [Server] CA certificate ca.pem is self signed.
2026-05-20T15:31:03.138755Z 0 [System] [MY-013602] [Server] Channel mysql_main configured to support TLS. Encrypted connections are now supported for this channel.
2026-05-20T15:31:03.195106Z 0 [System] [MY-011323] [Server] X Plugin ready for connections. Bind-address: '::' port: 33060
2026-05-20T15:31:03.195203Z 0 [System] [MY-010931] [Server] C:\Program Files\MySQL\MySQL Server 8.4\bin\mysqld.exe: ready for connections. Version: '8.4.8'  socket: ''  port: 3306  MySQL Community Server - GPL.
2026-05-20T15:35:55.746207Z 0 [System] [MY-015015] [Server] MySQL Server - start.
2026-05-20T15:35:55.981165Z 0 [System] [MY-010116] [Server] C:\Program Files\MySQL\MySQL Server 8.4\bin\mysqld.exe (mysqld 8.4.8) starting as process 16224
2026-05-20T15:35:56.038210Z 1 [System] [MY-013576] [InnoDB] InnoDB initialization has started.
2026-05-20T15:35:56.685517Z 1 [System] [MY-013577] [InnoDB] InnoDB initialization has ended.
2026-05-20T15:35:56.897538Z 0 [System] [MY-010229] [Server] Starting XA crash recovery...
2026-05-20T15:35:56.901702Z 0 [System] [MY-010232] [Server] XA crash recovery finished.
2026-05-20T15:35:57.047519Z 0 [Warning] [MY-010068] [Server] CA certificate ca.pem is self signed.
2026-05-20T15:35:57.047880Z 0 [System] [MY-013602] [Server] Channel mysql_main configured to support TLS. Encrypted connections are now supported for this channel.
2026-05-20T15:35:57.099578Z 0 [System] [MY-011323] [Server] X Plugin ready for connections. Bind-address: '::' port: 33060
2026-05-20T15:35:57.099704Z 0 [System] [MY-010931] [Server] C:\Program Files\MySQL\MySQL Server 8.4\bin\mysqld.exe: ready for connections. Version: '8.4.8'  socket: ''  port: 3306  MySQL Community Server - GPL.
2026-05-21T00:48:12.248232Z 0 [System] [MY-015015] [Server] MySQL Server - start.
2026-05-21T00:48:12.497100Z 0 [System] [MY-010116] [Server] C:\Program Files\MySQL\MySQL Server 8.4\bin\mysqld.exe (mysqld 8.4.8) starting as process 7864
2026-05-21T00:48:12.572813Z 1 [System] [MY-013576] [InnoDB] InnoDB initialization has started.
2026-05-21T00:48:13.469076Z 1 [System] [MY-013577] [InnoDB] InnoDB initialization has ended.
2026-05-21T00:48:13.660483Z 0 [System] [MY-010229] [Server] Starting XA crash recovery...
2026-05-21T00:48:13.664316Z 0 [System] [MY-010232] [Server] XA crash recovery finished.
2026-05-21T00:48:13.831526Z 0 [Warning] [MY-010068] [Server] CA certificate ca.pem is self signed.
2026-05-21T00:48:13.831763Z 0 [System] [MY-013602] [Server] Channel mysql_main configured to support TLS. Encrypted connections are now supported for this channel.
2026-05-21T00:48:13.873672Z 0 [System] [MY-011323] [Server] X Plugin ready for connections. Bind-address: '::' port: 33060
2026-05-21T00:48:13.873751Z 0 [System] [MY-010931] [Server] C:\Program Files\MySQL\MySQL Server 8.4\bin\mysqld.exe: ready for connections. Version: '8.4.8'  socket: ''  port: 3306  MySQL Community Server - GPL.
2026-05-21T03:23:18.530484Z 0 [System] [MY-015015] [Server] MySQL Server - start.
2026-05-21T03:23:18.733104Z 0 [System] [MY-010116] [Server] C:\Program Files\MySQL\MySQL Server 8.4\bin\mysqld.exe (mysqld 8.4.8) starting as process 15464
2026-05-21T03:23:18.775998Z 1 [System] [MY-013576] [InnoDB] InnoDB initialization has started.
2026-05-21T03:23:19.917929Z 1 [System] [MY-013577] [InnoDB] InnoDB initialization has ended.
2026-05-21T03:23:20.206476Z 0 [System] [MY-010229] [Server] Starting XA crash recovery...
2026-05-21T03:23:20.210874Z 0 [System] [MY-010232] [Server] XA crash recovery finished.
2026-05-21T03:23:20.380192Z 0 [Warning] [MY-010068] [Server] CA certificate ca.pem is self signed.
2026-05-21T03:23:20.380429Z 0 [System] [MY-013602] [Server] Channel mysql_main configured to support TLS. Encrypted connections are now supported for this channel.
2026-05-21T03:23:20.431161Z 0 [System] [MY-011323] [Server] X Plugin ready for connections. Bind-address: '::' port: 33060
2026-05-21T03:23:20.431267Z 0 [System] [MY-010931] [Server] C:\Program Files\MySQL\MySQL Server 8.4\bin\mysqld.exe: ready for connections. Version: '8.4.8'  socket: ''  port: 3306  MySQL Community Server - GPL.
2026-05-21T03:48:30.903570Z 0 [System] [MY-015015] [Server] MySQL Server - start.
2026-05-21T03:48:31.120358Z 0 [System] [MY-010116] [Server] C:\Program Files\MySQL\MySQL Server 8.4\bin\mysqld.exe (mysqld 8.4.8) starting as process 16240
2026-05-21T03:48:31.205950Z 1 [System] [MY-013576] [InnoDB] InnoDB initialization has started.
2026-05-21T03:48:32.315382Z 1 [System] [MY-013577] [InnoDB] InnoDB initialization has ended.
2026-05-21T03:48:32.543784Z 0 [System] [MY-010229] [Server] Starting XA crash recovery...
2026-05-21T03:48:32.548569Z 0 [System] [MY-010232] [Server] XA crash recovery finished.
2026-05-21T03:48:32.694474Z 0 [Warning] [MY-010068] [Server] CA certificate ca.pem is self signed.
2026-05-21T03:48:32.694992Z 0 [System] [MY-013602] [Server] Channel mysql_main configured to support TLS. Encrypted connections are now supported for this channel.
2026-05-21T03:48:32.740314Z 0 [System] [MY-011323] [Server] X Plugin ready for connections. Bind-address: '::' port: 33060
2026-05-21T03:48:32.740364Z 0 [System] [MY-010931] [Server] C:\Program Files\MySQL\MySQL Server 8.4\bin\mysqld.exe: ready for connections. Version: '8.4.8'  socket: ''  port: 3306  MySQL Community Server - GPL.
2026-05-21T04:26:07.014222Z 0 [System] [MY-015015] [Server] MySQL Server - start.
2026-05-21T04:26:07.231586Z 0 [System] [MY-010116] [Server] C:\Program Files\MySQL\MySQL Server 8.4\bin\mysqld.exe (mysqld 8.4.8) starting as process 16928
2026-05-21T04:26:07.330392Z 1 [System] [MY-013576] [InnoDB] InnoDB initialization has started.
2026-05-21T04:26:08.514147Z 1 [System] [MY-013577] [InnoDB] InnoDB initialization has ended.
2026-05-21T04:26:08.716160Z 0 [System] [MY-010229] [Server] Starting XA crash recovery...
2026-05-21T04:26:08.720584Z 0 [System] [MY-010232] [Server] XA crash recovery finished.
2026-05-21T04:26:08.906960Z 0 [Warning] [MY-010068] [Server] CA certificate ca.pem is self signed.
2026-05-21T04:26:08.907341Z 0 [System] [MY-013602] [Server] Channel mysql_main configured to support TLS. Encrypted connections are now supported for this channel.
2026-05-21T04:26:08.951721Z 0 [System] [MY-011323] [Server] X Plugin ready for connections. Bind-address: '::' port: 33060
2026-05-21T04:26:08.951820Z 0 [System] [MY-010931] [Server] C:\Program Files\MySQL\MySQL Server 8.4\bin\mysqld.exe: ready for connections. Version: '8.4.8'  socket: ''  port: 3306  MySQL Community Server - GPL.
2026-05-21T04:59:15.842904Z 0 [System] [MY-015015] [Server] MySQL Server - start.
2026-05-21T04:59:16.072857Z 0 [System] [MY-010116] [Server] C:\Program Files\MySQL\MySQL Server 8.4\bin\mysqld.exe (mysqld 8.4.8) starting as process 15376
2026-05-21T04:59:16.162853Z 1 [System] [MY-013576] [InnoDB] InnoDB initialization has started.
2026-05-21T04:59:17.218464Z 1 [System] [MY-013577] [InnoDB] InnoDB initialization has ended.
2026-05-21T04:59:17.448157Z 0 [System] [MY-010229] [Server] Starting XA crash recovery...
2026-05-21T04:59:17.452255Z 0 [System] [MY-010232] [Server] XA crash recovery finished.
2026-05-21T04:59:17.632386Z 0 [Warning] [MY-010068] [Server] CA certificate ca.pem is self signed.
2026-05-21T04:59:17.632631Z 0 [System] [MY-013602] [Server] Channel mysql_main configured to support TLS. Encrypted connections are now supported for this channel.
2026-05-21T04:59:17.689289Z 0 [System] [MY-011323] [Server] X Plugin ready for connections. Bind-address: '::' port: 33060
2026-05-21T04:59:17.689320Z 0 [System] [MY-010931] [Server] C:\Program Files\MySQL\MySQL Server 8.4\bin\mysqld.exe: ready for connections. Version: '8.4.8'  socket: ''  port: 3306  MySQL Community Server - GPL.
2026-05-21T05:35:18.821434Z 0 [System] [MY-015015] [Server] MySQL Server - start.
2026-05-21T05:35:19.038755Z 0 [System] [MY-010116] [Server] C:\Program Files\MySQL\MySQL Server 8.4\bin\mysqld.exe (mysqld 8.4.8) starting as process 3784
2026-05-21T05:35:19.127752Z 1 [System] [MY-013576] [InnoDB] InnoDB initialization has started.
2026-05-21T05:35:20.257447Z 1 [System] [MY-013577] [InnoDB] InnoDB initialization has ended.
2026-05-21T05:35:20.487689Z 0 [System] [MY-010229] [Server] Starting XA crash recovery...
2026-05-21T05:35:20.492332Z 0 [System] [MY-010232] [Server] XA crash recovery finished.
2026-05-21T05:35:20.647186Z 0 [Warning] [MY-010068] [Server] CA certificate ca.pem is self signed.
2026-05-21T05:35:20.647429Z 0 [System] [MY-013602] [Server] Channel mysql_main configured to support TLS. Encrypted connections are now supported for this channel.
2026-05-21T05:35:20.690230Z 0 [System] [MY-011323] [Server] X Plugin ready for connections. Bind-address: '::' port: 33060
2026-05-21T05:35:20.690339Z 0 [System] [MY-010931] [Server] C:\Program Files\MySQL\MySQL Server 8.4\bin\mysqld.exe: ready for connections. Version: '8.4.8'  socket: ''  port: 3306  MySQL Community Server - GPL.
2026-05-21T06:13:12.254122Z 0 [System] [MY-015015] [Server] MySQL Server - start.
2026-05-21T06:13:12.431423Z 0 [System] [MY-010116] [Server] C:\Program Files\MySQL\MySQL Server 8.4\bin\mysqld.exe (mysqld 8.4.8) starting as process 11256
2026-05-21T06:13:12.496657Z 1 [System] [MY-013576] [InnoDB] InnoDB initialization has started.
2026-05-21T06:13:13.143334Z 1 [System] [MY-013577] [InnoDB] InnoDB initialization has ended.
2026-05-21T06:13:13.314074Z 0 [System] [MY-010229] [Server] Starting XA crash recovery...
2026-05-21T06:13:13.317456Z 0 [System] [MY-010232] [Server] XA crash recovery finished.
2026-05-21T06:13:13.426987Z 0 [Warning] [MY-010068] [Server] CA certificate ca.pem is self signed.
2026-05-21T06:13:13.427302Z 0 [System] [MY-013602] [Server] Channel mysql_main configured to support TLS. Encrypted connections are now supported for this channel.
2026-05-21T06:13:13.461063Z 0 [System] [MY-011323] [Server] X Plugin ready for connections. Bind-address: '::' port: 33060
2026-05-21T06:13:13.461170Z 0 [System] [MY-010931] [Server] C:\Program Files\MySQL\MySQL Server 8.4\bin\mysqld.exe: ready for connections. Version: '8.4.8'  socket: ''  port: 3306  MySQL Community Server - GPL.
2026-05-21T10:25:50.136008Z 0 [System] [MY-015015] [Server] MySQL Server - start.
2026-05-21T10:25:50.272784Z 0 [System] [MY-010116] [Server] C:\Program Files\MySQL\MySQL Server 8.4\bin\mysqld.exe (mysqld 8.4.8) starting as process 8436
2026-05-21T10:25:50.312887Z 1 [System] [MY-013576] [InnoDB] InnoDB initialization has started.
2026-05-21T10:25:50.916553Z 1 [System] [MY-013577] [InnoDB] InnoDB initialization has ended.
2026-05-21T10:25:51.109852Z 0 [System] [MY-010229] [Server] Starting XA crash recovery...
2026-05-21T10:25:51.114540Z 0 [System] [MY-010232] [Server] XA crash recovery finished.
2026-05-21T10:25:51.233988Z 0 [Warning] [MY-010068] [Server] CA certificate ca.pem is self signed.
2026-05-21T10:25:51.234632Z 0 [System] [MY-013602] [Server] Channel mysql_main configured to support TLS. Encrypted connections are now supported for this channel.
2026-05-21T10:25:51.276783Z 0 [System] [MY-011323] [Server] X Plugin ready for connections. Bind-address: '::' port: 33060
2026-05-21T10:25:51.276894Z 0 [System] [MY-010931] [Server] C:\Program Files\MySQL\MySQL Server 8.4\bin\mysqld.exe: ready for connections. Version: '8.4.8'  socket: ''  port: 3306  MySQL Community Server - GPL.
2026-05-21T11:35:49.449343Z 0 [System] [MY-015015] [Server] MySQL Server - start.
2026-05-21T11:35:49.708508Z 0 [System] [MY-010116] [Server] C:\Program Files\MySQL\MySQL Server 8.4\bin\mysqld.exe (mysqld 8.4.8) starting as process 2520
2026-05-21T11:35:49.810969Z 1 [System] [MY-013576] [InnoDB] InnoDB initialization has started.
2026-05-21T11:35:51.091713Z 1 [System] [MY-013577] [InnoDB] InnoDB initialization has ended.
2026-05-21T11:35:51.290278Z 0 [System] [MY-010229] [Server] Starting XA crash recovery...
2026-05-21T11:35:51.295486Z 0 [System] [MY-010232] [Server] XA crash recovery finished.
2026-05-21T11:35:51.479575Z 0 [Warning] [MY-010068] [Server] CA certificate ca.pem is self signed.
2026-05-21T11:35:51.480336Z 0 [System] [MY-013602] [Server] Channel mysql_main configured to support TLS. Encrypted connections are now supported for this channel.
2026-05-21T11:35:51.569158Z 0 [System] [MY-011323] [Server] X Plugin ready for connections. Bind-address: '::' port: 33060
2026-05-21T11:35:51.569231Z 0 [System] [MY-010931] [Server] C:\Program Files\MySQL\MySQL Server 8.4\bin\mysqld.exe: ready for connections. Version: '8.4.8'  socket: ''  port: 3306  MySQL Community Server - GPL.
2026-05-21T11:38:58.526018Z 0 [System] [MY-015015] [Server] MySQL Server - start.
2026-05-21T11:38:58.770377Z 0 [System] [MY-010116] [Server] C:\Program Files\MySQL\MySQL Server 8.4\bin\mysqld.exe (mysqld 8.4.8) starting as process 23168
2026-05-21T11:38:58.833950Z 1 [System] [MY-013576] [InnoDB] InnoDB initialization has started.
2026-05-21T11:38:59.346394Z 1 [System] [MY-013577] [InnoDB] InnoDB initialization has ended.
2026-05-21T11:38:59.502529Z 0 [System] [MY-010229] [Server] Starting XA crash recovery...
2026-05-21T11:38:59.507790Z 0 [System] [MY-010232] [Server] XA crash recovery finished.
2026-05-21T11:38:59.618020Z 0 [Warning] [MY-010068] [Server] CA certificate ca.pem is self signed.
2026-05-21T11:38:59.618266Z 0 [System] [MY-013602] [Server] Channel mysql_main configured to support TLS. Encrypted connections are now supported for this channel.
2026-05-21T11:38:59.649454Z 0 [System] [MY-011323] [Server] X Plugin ready for connections. Bind-address: '::' port: 33060
2026-05-21T11:38:59.649483Z 0 [System] [MY-010931] [Server] C:\Program Files\MySQL\MySQL Server 8.4\bin\mysqld.exe: ready for connections. Version: '8.4.8'  socket: ''  port: 3306  MySQL Community Server - GPL.
2026-05-21T11:55:26.750410Z 0 [System] [MY-015015] [Server] MySQL Server - start.
2026-05-21T11:55:26.933976Z 0 [System] [MY-010116] [Server] C:\Program Files\MySQL\MySQL Server 8.4\bin\mysqld.exe (mysqld 8.4.8) starting as process 16772
2026-05-21T11:55:26.999018Z 1 [System] [MY-013576] [InnoDB] InnoDB initialization has started.
2026-05-21T11:55:27.867437Z 1 [System] [MY-013577] [InnoDB] InnoDB initialization has ended.
2026-05-21T11:55:28.126743Z 0 [System] [MY-010229] [Server] Starting XA crash recovery...
2026-05-21T11:55:28.132256Z 0 [System] [MY-010232] [Server] XA crash recovery finished.
2026-05-21T11:55:28.277953Z 0 [Warning] [MY-010068] [Server] CA certificate ca.pem is self signed.
2026-05-21T11:55:28.278374Z 0 [System] [MY-013602] [Server] Channel mysql_main configured to support TLS. Encrypted connections are now supported for this channel.
2026-05-21T11:55:28.328022Z 0 [System] [MY-011323] [Server] X Plugin ready for connections. Bind-address: '::' port: 33060
2026-05-21T11:55:28.328097Z 0 [System] [MY-010931] [Server] C:\Program Files\MySQL\MySQL Server 8.4\bin\mysqld.exe: ready for connections. Version: '8.4.8'  socket: ''  port: 3306  MySQL Community Server - GPL.
2026-05-21T14:03:17.927932Z 0 [System] [MY-015015] [Server] MySQL Server - start.
2026-05-21T14:03:18.144237Z 0 [System] [MY-010116] [Server] C:\Program Files\MySQL\MySQL Server 8.4\bin\mysqld.exe (mysqld 8.4.8) starting as process 13308
2026-05-21T14:03:18.188028Z 1 [System] [MY-013576] [InnoDB] InnoDB initialization has started.
2026-05-21T14:03:18.838576Z 1 [System] [MY-013577] [InnoDB] InnoDB initialization has ended.
2026-05-21T14:03:19.051526Z 0 [System] [MY-010229] [Server] Starting XA crash recovery...
2026-05-21T14:03:19.058740Z 0 [System] [MY-010232] [Server] XA crash recovery finished.
2026-05-21T14:03:19.241270Z 0 [Warning] [MY-010068] [Server] CA certificate ca.pem is self signed.
2026-05-21T14:03:19.241529Z 0 [System] [MY-013602] [Server] Channel mysql_main configured to support TLS. Encrypted connections are now supported for this channel.
2026-05-21T14:03:19.290737Z 0 [System] [MY-011323] [Server] X Plugin ready for connections. Bind-address: '::' port: 33060
2026-05-21T14:03:19.290966Z 0 [System] [MY-010931] [Server] C:\Program Files\MySQL\MySQL Server 8.4\bin\mysqld.exe: ready for connections. Version: '8.4.8'  socket: ''  port: 3306  MySQL Community Server - GPL.
2026-05-21T14:28:52.991883Z 0 [System] [MY-015015] [Server] MySQL Server - start.
2026-05-21T14:28:53.154955Z 0 [System] [MY-010116] [Server] C:\Program Files\MySQL\MySQL Server 8.4\bin\mysqld.exe (mysqld 8.4.8) starting as process 20524
2026-05-21T14:28:53.207996Z 1 [System] [MY-013576] [InnoDB] InnoDB initialization has started.
2026-05-21T14:28:53.214722Z 1 [ERROR] [MY-012611] [InnoDB] Operating system error number 32 in a file operation.
2026-05-21T14:28:53.215271Z 1 [ERROR] [MY-012615] [InnoDB] The error means that another program is using InnoDB's files. This might be a backup or antivirus software or another instance of MySQL. Please close it to get rid of this error.
2026-05-21T14:29:03.933046Z 1 [System] [MY-013577] [InnoDB] InnoDB initialization has ended.
2026-05-21T14:29:04.078291Z 0 [System] [MY-010229] [Server] Starting XA crash recovery...
2026-05-21T14:29:04.081782Z 0 [System] [MY-010232] [Server] XA crash recovery finished.
2026-05-21T14:29:04.227015Z 0 [Warning] [MY-010068] [Server] CA certificate ca.pem is self signed.
2026-05-21T14:29:04.227539Z 0 [System] [MY-013602] [Server] Channel mysql_main configured to support TLS. Encrypted connections are now supported for this channel.
2026-05-21T14:29:04.264075Z 0 [System] [MY-011323] [Server] X Plugin ready for connections. Bind-address: '::' port: 33060
2026-05-21T14:29:04.264175Z 0 [System] [MY-010931] [Server] C:\Program Files\MySQL\MySQL Server 8.4\bin\mysqld.exe: ready for connections. Version: '8.4.8'  socket: ''  port: 3306  MySQL Community Server - GPL.
2026-05-21T14:38:04.059168Z 0 [System] [MY-015015] [Server] MySQL Server - start.
2026-05-21T14:38:04.209061Z 0 [System] [MY-010116] [Server] C:\Program Files\MySQL\MySQL Server 8.4\bin\mysqld.exe (mysqld 8.4.8) starting as process 11112
2026-05-21T14:38:04.246384Z 1 [System] [MY-013576] [InnoDB] InnoDB initialization has started.
2026-05-21T14:38:04.818349Z 1 [System] [MY-013577] [InnoDB] InnoDB initialization has ended.
2026-05-21T14:38:05.008119Z 0 [System] [MY-010229] [Server] Starting XA crash recovery...
2026-05-21T14:38:05.014298Z 0 [System] [MY-010232] [Server] XA crash recovery finished.
2026-05-21T14:38:05.142935Z 0 [Warning] [MY-010068] [Server] CA certificate ca.pem is self signed.
2026-05-21T14:38:05.143204Z 0 [System] [MY-013602] [Server] Channel mysql_main configured to support TLS. Encrypted connections are now supported for this channel.
2026-05-21T14:38:05.179191Z 0 [System] [MY-011323] [Server] X Plugin ready for connections. Bind-address: '::' port: 33060
2026-05-21T14:38:05.179279Z 0 [System] [MY-010931] [Server] C:\Program Files\MySQL\MySQL Server 8.4\bin\mysqld.exe: ready for connections. Version: '8.4.8'  socket: ''  port: 3306  MySQL Community Server - GPL.
2026-05-21T14:41:49.028272Z 0 [System] [MY-015015] [Server] MySQL Server - start.
2026-05-21T14:41:49.255000Z 0 [System] [MY-010116] [Server] C:\Program Files\MySQL\MySQL Server 8.4\bin\mysqld.exe (mysqld 8.4.8) starting as process 6612
2026-05-21T14:41:49.322490Z 1 [System] [MY-013576] [InnoDB] InnoDB initialization has started.
2026-05-21T14:41:49.953596Z 1 [System] [MY-013577] [InnoDB] InnoDB initialization has ended.
2026-05-21T14:41:50.137700Z 0 [System] [MY-010229] [Server] Starting XA crash recovery...
2026-05-21T14:41:50.142012Z 0 [System] [MY-010232] [Server] XA crash recovery finished.
2026-05-21T14:41:50.257673Z 0 [Warning] [MY-010068] [Server] CA certificate ca.pem is self signed.
2026-05-21T14:41:50.257920Z 0 [System] [MY-013602] [Server] Channel mysql_main configured to support TLS. Encrypted connections are now supported for this channel.
2026-05-21T14:41:50.293742Z 0 [System] [MY-011323] [Server] X Plugin ready for connections. Bind-address: '::' port: 33060
2026-05-21T14:41:50.293814Z 0 [System] [MY-010931] [Server] C:\Program Files\MySQL\MySQL Server 8.4\bin\mysqld.exe: ready for connections. Version: '8.4.8'  socket: ''  port: 3306  MySQL Community Server - GPL.
2026-05-21T15:57:59.617963Z 0 [System] [MY-015015] [Server] MySQL Server - start.
2026-05-21T15:57:59.882828Z 0 [System] [MY-010116] [Server] C:\Program Files\MySQL\MySQL Server 8.4\bin\mysqld.exe (mysqld 8.4.8) starting as process 8960
2026-05-21T15:57:59.984171Z 1 [System] [MY-013576] [InnoDB] InnoDB initialization has started.
2026-05-21T15:58:00.984055Z 1 [System] [MY-013577] [InnoDB] InnoDB initialization has ended.
2026-05-21T15:58:01.236844Z 0 [System] [MY-010229] [Server] Starting XA crash recovery...
2026-05-21T15:58:01.240556Z 0 [System] [MY-010232] [Server] XA crash recovery finished.
2026-05-21T15:58:01.394006Z 0 [Warning] [MY-010068] [Server] CA certificate ca.pem is self signed.
2026-05-21T15:58:01.394250Z 0 [System] [MY-013602] [Server] Channel mysql_main configured to support TLS. Encrypted connections are now supported for this channel.
2026-05-21T15:58:01.447965Z 0 [System] [MY-011323] [Server] X Plugin ready for connections. Bind-address: '::' port: 33060
2026-05-21T15:58:01.448079Z 0 [System] [MY-010931] [Server] C:\Program Files\MySQL\MySQL Server 8.4\bin\mysqld.exe: ready for connections. Version: '8.4.8'  socket: ''  port: 3306  MySQL Community Server - GPL.
2026-05-21T15:59:46.038383Z 0 [System] [MY-015015] [Server] MySQL Server - start.
2026-05-21T15:59:46.174188Z 0 [System] [MY-010116] [Server] C:\Program Files\MySQL\MySQL Server 8.4\bin\mysqld.exe (mysqld 8.4.8) starting as process 5944
2026-05-21T15:59:46.224979Z 1 [System] [MY-013576] [InnoDB] InnoDB initialization has started.
2026-05-21T15:59:46.896072Z 1 [System] [MY-013577] [InnoDB] InnoDB initialization has ended.
2026-05-21T15:59:47.212134Z 0 [System] [MY-010229] [Server] Starting XA crash recovery...
2026-05-21T15:59:47.217676Z 0 [System] [MY-010232] [Server] XA crash recovery finished.
2026-05-21T15:59:47.346851Z 0 [Warning] [MY-010068] [Server] CA certificate ca.pem is self signed.
2026-05-21T15:59:47.347200Z 0 [System] [MY-013602] [Server] Channel mysql_main configured to support TLS. Encrypted connections are now supported for this channel.
2026-05-21T15:59:47.389048Z 0 [System] [MY-011323] [Server] X Plugin ready for connections. Bind-address: '::' port: 33060
2026-05-21T15:59:47.389100Z 0 [System] [MY-010931] [Server] C:\Program Files\MySQL\MySQL Server 8.4\bin\mysqld.exe: ready for connections. Version: '8.4.8'  socket: ''  port: 3306  MySQL Community Server - GPL.
2026-05-21T16:07:32.631621Z 0 [System] [MY-015015] [Server] MySQL Server - start.
2026-05-21T16:07:32.865075Z 0 [System] [MY-010116] [Server] C:\Program Files\MySQL\MySQL Server 8.4\bin\mysqld.exe (mysqld 8.4.8) starting as process 14984
2026-05-21T16:07:32.892113Z 1 [System] [MY-013576] [InnoDB] InnoDB initialization has started.
2026-05-21T16:07:33.588425Z 1 [System] [MY-013577] [InnoDB] InnoDB initialization has ended.
2026-05-21T16:07:33.808310Z 0 [System] [MY-010229] [Server] Starting XA crash recovery...
2026-05-21T16:07:33.813208Z 0 [System] [MY-010232] [Server] XA crash recovery finished.
2026-05-21T16:07:33.926665Z 0 [Warning] [MY-010068] [Server] CA certificate ca.pem is self signed.
2026-05-21T16:07:33.927098Z 0 [System] [MY-013602] [Server] Channel mysql_main configured to support TLS. Encrypted connections are now supported for this channel.
2026-05-21T16:07:33.971407Z 0 [System] [MY-011323] [Server] X Plugin ready for connections. Bind-address: '::' port: 33060
2026-05-21T16:07:33.971458Z 0 [System] [MY-010931] [Server] C:\Program Files\MySQL\MySQL Server 8.4\bin\mysqld.exe: ready for connections. Version: '8.4.8'  socket: ''  port: 3306  MySQL Community Server - GPL.
2026-05-21T16:08:05.527924Z 0 [System] [MY-015015] [Server] MySQL Server - start.
2026-05-21T16:08:05.752813Z 0 [System] [MY-010116] [Server] C:\Program Files\MySQL\MySQL Server 8.4\bin\mysqld.exe (mysqld 8.4.8) starting as process 18600
2026-05-21T16:08:05.814781Z 1 [System] [MY-013576] [InnoDB] InnoDB initialization has started.
2026-05-21T16:08:06.555857Z 1 [System] [MY-013577] [InnoDB] InnoDB initialization has ended.
2026-05-21T16:08:06.853802Z 0 [System] [MY-010229] [Server] Starting XA crash recovery...
2026-05-21T16:08:06.859267Z 0 [System] [MY-010232] [Server] XA crash recovery finished.
2026-05-21T16:08:07.018968Z 0 [Warning] [MY-010068] [Server] CA certificate ca.pem is self signed.
2026-05-21T16:08:07.019647Z 0 [System] [MY-013602] [Server] Channel mysql_main configured to support TLS. Encrypted connections are now supported for this channel.
2026-05-21T16:08:07.102580Z 0 [System] [MY-011323] [Server] X Plugin ready for connections. Bind-address: '::' port: 33060
2026-05-21T16:08:07.102778Z 0 [System] [MY-010931] [Server] C:\Program Files\MySQL\MySQL Server 8.4\bin\mysqld.exe: ready for connections. Version: '8.4.8'  socket: ''  port: 3306  MySQL Community Server - GPL.
2026-05-21T16:12:23.379959Z 0 [System] [MY-015015] [Server] MySQL Server - start.
2026-05-21T16:12:23.569632Z 0 [System] [MY-010116] [Server] C:\Program Files\MySQL\MySQL Server 8.4\bin\mysqld.exe (mysqld 8.4.8) starting as process 9476
2026-05-21T16:12:23.601636Z 1 [System] [MY-013576] [InnoDB] InnoDB initialization has started.
2026-05-21T16:12:24.258382Z 1 [System] [MY-013577] [InnoDB] InnoDB initialization has ended.
2026-05-21T16:12:24.477907Z 0 [System] [MY-010229] [Server] Starting XA crash recovery...
2026-05-21T16:12:24.482822Z 0 [System] [MY-010232] [Server] XA crash recovery finished.
2026-05-21T16:12:24.599488Z 0 [Warning] [MY-010068] [Server] CA certificate ca.pem is self signed.
2026-05-21T16:12:24.599977Z 0 [System] [MY-013602] [Server] Channel mysql_main configured to support TLS. Encrypted connections are now supported for this channel.
2026-05-21T16:12:24.648780Z 0 [System] [MY-011323] [Server] X Plugin ready for connections. Bind-address: '::' port: 33060
2026-05-21T16:12:24.648906Z 0 [System] [MY-010931] [Server] C:\Program Files\MySQL\MySQL Server 8.4\bin\mysqld.exe: ready for connections. Version: '8.4.8'  socket: ''  port: 3306  MySQL Community Server - GPL.
2026-05-22T00:06:15.315536Z 0 [System] [MY-015015] [Server] MySQL Server - start.
2026-05-22T00:06:15.553964Z 0 [System] [MY-010116] [Server] C:\Program Files\MySQL\MySQL Server 8.4\bin\mysqld.exe (mysqld 8.4.8) starting as process 14916
2026-05-22T00:06:15.640469Z 1 [System] [MY-013576] [InnoDB] InnoDB initialization has started.
2026-05-22T00:06:16.676465Z 1 [System] [MY-013577] [InnoDB] InnoDB initialization has ended.
2026-05-22T00:06:16.863446Z 0 [System] [MY-010229] [Server] Starting XA crash recovery...
2026-05-22T00:06:16.866977Z 0 [System] [MY-010232] [Server] XA crash recovery finished.
2026-05-22T00:06:17.014283Z 0 [Warning] [MY-010068] [Server] CA certificate ca.pem is self signed.
2026-05-22T00:06:17.014524Z 0 [System] [MY-013602] [Server] Channel mysql_main configured to support TLS. Encrypted connections are now supported for this channel.
2026-05-22T00:06:17.059517Z 0 [System] [MY-011323] [Server] X Plugin ready for connections. Bind-address: '::' port: 33060
2026-05-22T00:06:17.059607Z 0 [System] [MY-010931] [Server] C:\Program Files\MySQL\MySQL Server 8.4\bin\mysqld.exe: ready for connections. Version: '8.4.8'  socket: ''  port: 3306  MySQL Community Server - GPL.
2026-05-22T00:10:55.635477Z 0 [System] [MY-015015] [Server] MySQL Server - start.
2026-05-22T00:10:55.871610Z 0 [System] [MY-010116] [Server] C:\Program Files\MySQL\MySQL Server 8.4\bin\mysqld.exe (mysqld 8.4.8) starting as process 19980
2026-05-22T00:10:55.925386Z 1 [System] [MY-013576] [InnoDB] InnoDB initialization has started.
2026-05-22T00:10:56.386115Z 1 [System] [MY-013577] [InnoDB] InnoDB initialization has ended.
2026-05-22T00:10:56.557321Z 0 [System] [MY-010229] [Server] Starting XA crash recovery...
2026-05-22T00:10:56.560928Z 0 [System] [MY-010232] [Server] XA crash recovery finished.
2026-05-22T00:10:56.678172Z 0 [Warning] [MY-010068] [Server] CA certificate ca.pem is self signed.
2026-05-22T00:10:56.678420Z 0 [System] [MY-013602] [Server] Channel mysql_main configured to support TLS. Encrypted connections are now supported for this channel.
2026-05-22T00:10:56.710044Z 0 [System] [MY-010931] [Server] C:\Program Files\MySQL\MySQL Server 8.4\bin\mysqld.exe: ready for connections. Version: '8.4.8'  socket: ''  port: 3306  MySQL Community Server - GPL.
2026-05-22T00:10:56.710043Z 0 [System] [MY-011323] [Server] X Plugin ready for connections. Bind-address: '::' port: 33060
2026-05-22T01:56:39.128250Z 0 [System] [MY-015015] [Server] MySQL Server - start.
2026-05-22T01:56:39.320216Z 0 [System] [MY-010116] [Server] C:\Program Files\MySQL\MySQL Server 8.4\bin\mysqld.exe (mysqld 8.4.8) starting as process 23628
2026-05-22T01:56:39.402635Z 1 [System] [MY-013576] [InnoDB] InnoDB initialization has started.
2026-05-22T01:56:40.302341Z 1 [System] [MY-013577] [InnoDB] InnoDB initialization has ended.
2026-05-22T01:56:40.491076Z 0 [System] [MY-010229] [Server] Starting XA crash recovery...
2026-05-22T01:56:40.494777Z 0 [System] [MY-010232] [Server] XA crash recovery finished.
2026-05-22T01:56:40.646155Z 0 [Warning] [MY-010068] [Server] CA certificate ca.pem is self signed.
2026-05-22T01:56:40.646404Z 0 [System] [MY-013602] [Server] Channel mysql_main configured to support TLS. Encrypted connections are now supported for this channel.
2026-05-22T01:56:40.678516Z 0 [System] [MY-011323] [Server] X Plugin ready for connections. Bind-address: '::' port: 33060
2026-05-22T01:56:40.678578Z 0 [System] [MY-010931] [Server] C:\Program Files\MySQL\MySQL Server 8.4\bin\mysqld.exe: ready for connections. Version: '8.4.8'  socket: ''  port: 3306  MySQL Community Server - GPL.
2026-05-22T10:36:57.267750Z 0 [System] [MY-015015] [Server] MySQL Server - start.
2026-05-22T10:36:57.586237Z 0 [System] [MY-010116] [Server] C:\Program Files\MySQL\MySQL Server 8.4\bin\mysqld.exe (mysqld 8.4.8) starting as process 26952
2026-05-22T10:36:57.737149Z 1 [System] [MY-013576] [InnoDB] InnoDB initialization has started.
2026-05-22T10:36:58.706854Z 1 [System] [MY-013577] [InnoDB] InnoDB initialization has ended.
2026-05-22T10:36:58.959253Z 0 [System] [MY-010229] [Server] Starting XA crash recovery...
2026-05-22T10:36:58.963199Z 0 [System] [MY-010232] [Server] XA crash recovery finished.
2026-05-22T10:36:59.122643Z 0 [Warning] [MY-010068] [Server] CA certificate ca.pem is self signed.
2026-05-22T10:36:59.122903Z 0 [System] [MY-013602] [Server] Channel mysql_main configured to support TLS. Encrypted connections are now supported for this channel.
2026-05-22T10:36:59.173174Z 0 [System] [MY-011323] [Server] X Plugin ready for connections. Bind-address: '::' port: 33060
2026-05-22T10:36:59.173261Z 0 [System] [MY-010931] [Server] C:\Program Files\MySQL\MySQL Server 8.4\bin\mysqld.exe: ready for connections. Version: '8.4.8'  socket: ''  port: 3306  MySQL Community Server - GPL.
2026-05-22T10:49:29.661440Z 0 [System] [MY-015015] [Server] MySQL Server - start.
2026-05-22T10:49:29.902509Z 0 [System] [MY-010116] [Server] C:\Program Files\MySQL\MySQL Server 8.4\bin\mysqld.exe (mysqld 8.4.8) starting as process 25440
2026-05-22T10:49:29.952153Z 1 [System] [MY-013576] [InnoDB] InnoDB initialization has started.
2026-05-22T10:49:30.508218Z 1 [System] [MY-013577] [InnoDB] InnoDB initialization has ended.
2026-05-22T10:49:30.665554Z 0 [System] [MY-010229] [Server] Starting XA crash recovery...
2026-05-22T10:49:30.669526Z 0 [System] [MY-010232] [Server] XA crash recovery finished.
2026-05-22T10:49:30.795221Z 0 [Warning] [MY-010068] [Server] CA certificate ca.pem is self signed.
2026-05-22T10:49:30.795457Z 0 [System] [MY-013602] [Server] Channel mysql_main configured to support TLS. Encrypted connections are now supported for this channel.
2026-05-22T10:49:30.835924Z 0 [System] [MY-011323] [Server] X Plugin ready for connections. Bind-address: '::' port: 33060
2026-05-22T10:49:30.836060Z 0 [System] [MY-010931] [Server] C:\Program Files\MySQL\MySQL Server 8.4\bin\mysqld.exe: ready for connections. Version: '8.4.8'  socket: ''  port: 3306  MySQL Community Server - GPL.
2026-05-22T14:36:52.571048Z 0 [System] [MY-015015] [Server] MySQL Server - start.
2026-05-22T14:36:52.838581Z 0 [System] [MY-010116] [Server] C:\Program Files\MySQL\MySQL Server 8.4\bin\mysqld.exe (mysqld 8.4.8) starting as process 23196
2026-05-22T14:36:52.911248Z 1 [System] [MY-013576] [InnoDB] InnoDB initialization has started.
2026-05-22T14:36:53.747505Z 1 [System] [MY-013577] [InnoDB] InnoDB initialization has ended.
2026-05-22T14:36:53.934479Z 0 [System] [MY-010229] [Server] Starting XA crash recovery...
2026-05-22T14:36:53.938013Z 0 [System] [MY-010232] [Server] XA crash recovery finished.
2026-05-22T14:36:54.078391Z 0 [Warning] [MY-010068] [Server] CA certificate ca.pem is self signed.
2026-05-22T14:36:54.078629Z 0 [System] [MY-013602] [Server] Channel mysql_main configured to support TLS. Encrypted connections are now supported for this channel.
2026-05-22T14:36:54.109437Z 0 [System] [MY-011323] [Server] X Plugin ready for connections. Bind-address: '::' port: 33060
2026-05-22T14:36:54.109471Z 0 [System] [MY-010931] [Server] C:\Program Files\MySQL\MySQL Server 8.4\bin\mysqld.exe: ready for connections. Version: '8.4.8'  socket: ''  port: 3306  MySQL Community Server - GPL.
2026-05-22T14:38:05.820676Z 0 [System] [MY-015015] [Server] MySQL Server - start.
2026-05-22T14:38:05.982045Z 0 [System] [MY-010116] [Server] C:\Program Files\MySQL\MySQL Server 8.4\bin\mysqld.exe (mysqld 8.4.8) starting as process 9500
2026-05-22T14:38:06.039798Z 1 [System] [MY-013576] [InnoDB] InnoDB initialization has started.
2026-05-22T14:38:06.654725Z 1 [System] [MY-013577] [InnoDB] InnoDB initialization has ended.
2026-05-22T14:38:06.796214Z 0 [System] [MY-010229] [Server] Starting XA crash recovery...
2026-05-22T14:38:06.799724Z 0 [System] [MY-010232] [Server] XA crash recovery finished.
2026-05-22T14:38:06.919395Z 0 [Warning] [MY-010068] [Server] CA certificate ca.pem is self signed.
2026-05-22T14:38:06.919632Z 0 [System] [MY-013602] [Server] Channel mysql_main configured to support TLS. Encrypted connections are now supported for this channel.
2026-05-22T14:38:06.949042Z 0 [System] [MY-010931] [Server] C:\Program Files\MySQL\MySQL Server 8.4\bin\mysqld.exe: ready for connections. Version: '8.4.8'  socket: ''  port: 3306  MySQL Community Server - GPL.
2026-05-22T14:38:06.949038Z 0 [System] [MY-011323] [Server] X Plugin ready for connections. Bind-address: '::' port: 33060
2026-05-22T14:55:00.069368Z 0 [System] [MY-015015] [Server] MySQL Server - start.
2026-05-22T14:55:00.262452Z 0 [System] [MY-010116] [Server] C:\Program Files\MySQL\MySQL Server 8.4\bin\mysqld.exe (mysqld 8.4.8) starting as process 8524
2026-05-22T14:55:00.318995Z 1 [System] [MY-013576] [InnoDB] InnoDB initialization has started.
2026-05-22T14:55:00.326839Z 1 [ERROR] [MY-012611] [InnoDB] Operating system error number 32 in a file operation.
2026-05-22T14:55:00.327320Z 1 [ERROR] [MY-012615] [InnoDB] The error means that another program is using InnoDB's files. This might be a backup or antivirus software or another instance of MySQL. Please close it to get rid of this error.
2026-05-22T14:55:10.925438Z 1 [System] [MY-013577] [InnoDB] InnoDB initialization has ended.
2026-05-22T14:55:11.058666Z 0 [System] [MY-010229] [Server] Starting XA crash recovery...
2026-05-22T14:55:11.062349Z 0 [System] [MY-010232] [Server] XA crash recovery finished.
2026-05-22T14:55:11.179379Z 0 [Warning] [MY-010068] [Server] CA certificate ca.pem is self signed.
2026-05-22T14:55:11.179753Z 0 [System] [MY-013602] [Server] Channel mysql_main configured to support TLS. Encrypted connections are now supported for this channel.
2026-05-22T14:55:11.210513Z 0 [System] [MY-011323] [Server] X Plugin ready for connections. Bind-address: '::' port: 33060
2026-05-22T14:55:11.210752Z 0 [System] [MY-010931] [Server] C:\Program Files\MySQL\MySQL Server 8.4\bin\mysqld.exe: ready for connections. Version: '8.4.8'  socket: ''  port: 3306  MySQL Community Server - GPL.
2026-05-22T14:55:24.929381Z 0 [System] [MY-015015] [Server] MySQL Server - start.
2026-05-22T14:55:25.105397Z 0 [System] [MY-010116] [Server] C:\Program Files\MySQL\MySQL Server 8.4\bin\mysqld.exe (mysqld 8.4.8) starting as process 9048
2026-05-22T14:55:25.159060Z 1 [System] [MY-013576] [InnoDB] InnoDB initialization has started.
2026-05-22T14:55:25.672808Z 1 [System] [MY-013577] [InnoDB] InnoDB initialization has ended.
2026-05-22T14:55:25.836580Z 0 [System] [MY-010229] [Server] Starting XA crash recovery...
2026-05-22T14:55:25.840641Z 0 [System] [MY-010232] [Server] XA crash recovery finished.
2026-05-22T14:55:25.959267Z 0 [Warning] [MY-010068] [Server] CA certificate ca.pem is self signed.
2026-05-22T14:55:25.959512Z 0 [System] [MY-013602] [Server] Channel mysql_main configured to support TLS. Encrypted connections are now supported for this channel.
2026-05-22T14:55:25.990413Z 0 [System] [MY-011323] [Server] X Plugin ready for connections. Bind-address: '::' port: 33060
2026-05-22T14:55:25.990491Z 0 [System] [MY-010931] [Server] C:\Program Files\MySQL\MySQL Server 8.4\bin\mysqld.exe: ready for connections. Version: '8.4.8'  socket: ''  port: 3306  MySQL Community Server - GPL.
2026-05-22T16:27:02.480251Z 0 [System] [MY-015015] [Server] MySQL Server - start.
2026-05-22T16:27:02.678537Z 0 [System] [MY-010116] [Server] C:\Program Files\MySQL\MySQL Server 8.4\bin\mysqld.exe (mysqld 8.4.8) starting as process 25076
2026-05-22T16:27:02.735509Z 1 [System] [MY-013576] [InnoDB] InnoDB initialization has started.
2026-05-22T16:27:03.336951Z 1 [System] [MY-013577] [InnoDB] InnoDB initialization has ended.
2026-05-22T16:27:03.521110Z 0 [System] [MY-010229] [Server] Starting XA crash recovery...
2026-05-22T16:27:03.524647Z 0 [System] [MY-010232] [Server] XA crash recovery finished.
2026-05-22T16:27:03.684869Z 0 [Warning] [MY-010068] [Server] CA certificate ca.pem is self signed.
2026-05-22T16:27:03.685346Z 0 [System] [MY-013602] [Server] Channel mysql_main configured to support TLS. Encrypted connections are now supported for this channel.
2026-05-22T16:27:03.724788Z 0 [System] [MY-011323] [Server] X Plugin ready for connections. Bind-address: '::' port: 33060
2026-05-22T16:27:03.724868Z 0 [System] [MY-010931] [Server] C:\Program Files\MySQL\MySQL Server 8.4\bin\mysqld.exe: ready for connections. Version: '8.4.8'  socket: ''  port: 3306  MySQL Community Server - GPL.
2026-05-23T07:11:41.049536Z 0 [System] [MY-015015] [Server] MySQL Server - start.
2026-05-23T07:11:41.233318Z 0 [System] [MY-010116] [Server] C:\Program Files\MySQL\MySQL Server 8.4\bin\mysqld.exe (mysqld 8.4.8) starting as process 7384
2026-05-23T07:11:41.355426Z 1 [System] [MY-013576] [InnoDB] InnoDB initialization has started.
2026-05-23T07:11:42.453408Z 1 [System] [MY-013577] [InnoDB] InnoDB initialization has ended.
2026-05-23T07:11:42.656654Z 0 [System] [MY-010229] [Server] Starting XA crash recovery...
2026-05-23T07:11:42.662506Z 0 [System] [MY-010232] [Server] XA crash recovery finished.
2026-05-23T07:11:42.861421Z 0 [Warning] [MY-010068] [Server] CA certificate ca.pem is self signed.
2026-05-23T07:11:42.861859Z 0 [System] [MY-013602] [Server] Channel mysql_main configured to support TLS. Encrypted connections are now supported for this channel.
2026-05-23T07:11:42.951279Z 0 [System] [MY-011323] [Server] X Plugin ready for connections. Bind-address: '::' port: 33060
2026-05-23T07:11:42.951439Z 0 [System] [MY-010931] [Server] C:\Program Files\MySQL\MySQL Server 8.4\bin\mysqld.exe: ready for connections. Version: '8.4.8'  socket: ''  port: 3306  MySQL Community Server - GPL.
2026-05-23T07:16:35.828989Z 0 [System] [MY-015015] [Server] MySQL Server - start.
2026-05-23T07:16:36.057865Z 0 [System] [MY-010116] [Server] C:\Program Files\MySQL\MySQL Server 8.4\bin\mysqld.exe (mysqld 8.4.8) starting as process 25840
2026-05-23T07:16:36.123652Z 1 [System] [MY-013576] [InnoDB] InnoDB initialization has started.
2026-05-23T07:16:36.720078Z 1 [System] [MY-013577] [InnoDB] InnoDB initialization has ended.
2026-05-23T07:16:36.879020Z 0 [System] [MY-010229] [Server] Starting XA crash recovery...
2026-05-23T07:16:36.883906Z 0 [System] [MY-010232] [Server] XA crash recovery finished.
2026-05-23T07:16:36.972160Z 0 [Warning] [MY-010068] [Server] CA certificate ca.pem is self signed.
2026-05-23T07:16:36.972412Z 0 [System] [MY-013602] [Server] Channel mysql_main configured to support TLS. Encrypted connections are now supported for this channel.
2026-05-23T07:16:37.008288Z 0 [System] [MY-011323] [Server] X Plugin ready for connections. Bind-address: '::' port: 33060
2026-05-23T07:16:37.008365Z 0 [System] [MY-010931] [Server] C:\Program Files\MySQL\MySQL Server 8.4\bin\mysqld.exe: ready for connections. Version: '8.4.8'  socket: ''  port: 3306  MySQL Community Server - GPL.
2026-05-23T07:17:14.839600Z 0 [System] [MY-015015] [Server] MySQL Server - start.
2026-05-23T07:17:15.060287Z 0 [System] [MY-010116] [Server] C:\Program Files\MySQL\MySQL Server 8.4\bin\mysqld.exe (mysqld 8.4.8) starting as process 16804
2026-05-23T07:17:15.119612Z 1 [System] [MY-013576] [InnoDB] InnoDB initialization has started.
2026-05-23T07:17:15.871710Z 1 [System] [MY-013577] [InnoDB] InnoDB initialization has ended.
2026-05-23T07:17:16.022739Z 0 [System] [MY-010229] [Server] Starting XA crash recovery...
2026-05-23T07:17:16.026782Z 0 [System] [MY-010232] [Server] XA crash recovery finished.
2026-05-23T07:17:16.128008Z 0 [Warning] [MY-010068] [Server] CA certificate ca.pem is self signed.
2026-05-23T07:17:16.128503Z 0 [System] [MY-013602] [Server] Channel mysql_main configured to support TLS. Encrypted connections are now supported for this channel.
2026-05-23T07:17:16.168710Z 0 [System] [MY-011323] [Server] X Plugin ready for connections. Bind-address: '::' port: 33060
2026-05-23T07:17:16.168796Z 0 [System] [MY-010931] [Server] C:\Program Files\MySQL\MySQL Server 8.4\bin\mysqld.exe: ready for connections. Version: '8.4.8'  socket: ''  port: 3306  MySQL Community Server - GPL.
2026-05-23T07:28:19.068760Z 0 [System] [MY-015015] [Server] MySQL Server - start.
2026-05-23T07:28:19.280062Z 0 [System] [MY-010116] [Server] C:\Program Files\MySQL\MySQL Server 8.4\bin\mysqld.exe (mysqld 8.4.8) starting as process 13408
2026-05-23T07:28:19.331987Z 1 [System] [MY-013576] [InnoDB] InnoDB initialization has started.
2026-05-23T07:28:20.033139Z 1 [System] [MY-013577] [InnoDB] InnoDB initialization has ended.
2026-05-23T07:28:20.216975Z 0 [System] [MY-010229] [Server] Starting XA crash recovery...
2026-05-23T07:28:20.220539Z 0 [System] [MY-010232] [Server] XA crash recovery finished.
2026-05-23T07:28:20.351090Z 0 [Warning] [MY-010068] [Server] CA certificate ca.pem is self signed.
2026-05-23T07:28:20.351346Z 0 [System] [MY-013602] [Server] Channel mysql_main configured to support TLS. Encrypted connections are now supported for this channel.
2026-05-23T07:28:20.387384Z 0 [System] [MY-011323] [Server] X Plugin ready for connections. Bind-address: '::' port: 33060
2026-05-23T07:28:20.387419Z 0 [System] [MY-010931] [Server] C:\Program Files\MySQL\MySQL Server 8.4\bin\mysqld.exe: ready for connections. Version: '8.4.8'  socket: ''  port: 3306  MySQL Community Server - GPL.
2026-05-23T07:39:33.534468Z 0 [System] [MY-015015] [Server] MySQL Server - start.
2026-05-23T07:39:33.720995Z 0 [System] [MY-010116] [Server] C:\Program Files\MySQL\MySQL Server 8.4\bin\mysqld.exe (mysqld 8.4.8) starting as process 18396
2026-05-23T07:39:33.769818Z 1 [System] [MY-013576] [InnoDB] InnoDB initialization has started.
2026-05-23T07:39:34.460962Z 1 [System] [MY-013577] [InnoDB] InnoDB initialization has ended.
2026-05-23T07:39:34.617827Z 0 [System] [MY-010229] [Server] Starting XA crash recovery...
2026-05-23T07:39:34.621414Z 0 [System] [MY-010232] [Server] XA crash recovery finished.
2026-05-23T07:39:34.722710Z 0 [Warning] [MY-010068] [Server] CA certificate ca.pem is self signed.
2026-05-23T07:39:34.722978Z 0 [System] [MY-013602] [Server] Channel mysql_main configured to support TLS. Encrypted connections are now supported for this channel.
2026-05-23T07:39:34.756233Z 0 [System] [MY-011323] [Server] X Plugin ready for connections. Bind-address: '::' port: 33060
2026-05-23T07:39:34.756313Z 0 [System] [MY-010931] [Server] C:\Program Files\MySQL\MySQL Server 8.4\bin\mysqld.exe: ready for connections. Version: '8.4.8'  socket: ''  port: 3306  MySQL Community Server - GPL.
2026-05-23T08:24:12.411448Z 0 [System] [MY-015015] [Server] MySQL Server - start.
2026-05-23T08:24:12.585176Z 0 [System] [MY-010116] [Server] C:\Program Files\MySQL\MySQL Server 8.4\bin\mysqld.exe (mysqld 8.4.8) starting as process 8116
2026-05-23T08:24:12.631599Z 1 [System] [MY-013576] [InnoDB] InnoDB initialization has started.
2026-05-23T08:24:13.347087Z 1 [System] [MY-013577] [InnoDB] InnoDB initialization has ended.
2026-05-23T08:24:13.483979Z 0 [System] [MY-010229] [Server] Starting XA crash recovery...
2026-05-23T08:24:13.487607Z 0 [System] [MY-010232] [Server] XA crash recovery finished.
2026-05-23T08:24:13.626751Z 0 [Warning] [MY-010068] [Server] CA certificate ca.pem is self signed.
2026-05-23T08:24:13.627142Z 0 [System] [MY-013602] [Server] Channel mysql_main configured to support TLS. Encrypted connections are now supported for this channel.
2026-05-23T08:24:13.658795Z 0 [System] [MY-011323] [Server] X Plugin ready for connections. Bind-address: '::' port: 33060
2026-05-23T08:24:13.658869Z 0 [System] [MY-010931] [Server] C:\Program Files\MySQL\MySQL Server 8.4\bin\mysqld.exe: ready for connections. Version: '8.4.8'  socket: ''  port: 3306  MySQL Community Server - GPL.
2026-05-23T18:19:59.869424Z 0 [System] [MY-015015] [Server] MySQL Server - start.
2026-05-23T18:20:00.066368Z 0 [System] [MY-010116] [Server] C:\Program Files\MySQL\MySQL Server 8.4\bin\mysqld.exe (mysqld 8.4.8) starting as process 10788
2026-05-23T18:20:00.190530Z 1 [System] [MY-013576] [InnoDB] InnoDB initialization has started.
2026-05-23T18:20:01.100106Z 1 [System] [MY-013577] [InnoDB] InnoDB initialization has ended.
2026-05-23T18:20:01.273231Z 0 [System] [MY-010229] [Server] Starting XA crash recovery...
2026-05-23T18:20:01.277240Z 0 [System] [MY-010232] [Server] XA crash recovery finished.
2026-05-23T18:20:01.409852Z 0 [Warning] [MY-010068] [Server] CA certificate ca.pem is self signed.
2026-05-23T18:20:01.410107Z 0 [System] [MY-013602] [Server] Channel mysql_main configured to support TLS. Encrypted connections are now supported for this channel.
2026-05-23T18:20:01.468678Z 0 [System] [MY-011323] [Server] X Plugin ready for connections. Bind-address: '::' port: 33060
2026-05-23T18:20:01.468744Z 0 [System] [MY-010931] [Server] C:\Program Files\MySQL\MySQL Server 8.4\bin\mysqld.exe: ready for connections. Version: '8.4.8'  socket: ''  port: 3306  MySQL Community Server - GPL.
2026-05-24T00:42:00.191710Z 0 [System] [MY-015015] [Server] MySQL Server - start.
2026-05-24T00:42:00.405115Z 0 [System] [MY-010116] [Server] C:\Program Files\MySQL\MySQL Server 8.4\bin\mysqld.exe (mysqld 8.4.8) starting as process 12632
2026-05-24T00:42:00.460994Z 1 [System] [MY-013576] [InnoDB] InnoDB initialization has started.
2026-05-24T00:42:00.470261Z 1 [ERROR] [MY-012611] [InnoDB] Operating system error number 32 in a file operation.
2026-05-24T00:42:00.470524Z 1 [ERROR] [MY-012615] [InnoDB] The error means that another program is using InnoDB's files. This might be a backup or antivirus software or another instance of MySQL. Please close it to get rid of this error.
2026-05-24T00:42:11.139154Z 1 [System] [MY-013577] [InnoDB] InnoDB initialization has ended.
2026-05-24T00:42:11.321568Z 0 [System] [MY-010229] [Server] Starting XA crash recovery...
2026-05-24T00:42:11.327170Z 0 [System] [MY-010232] [Server] XA crash recovery finished.
2026-05-24T00:42:11.442693Z 0 [Warning] [MY-010068] [Server] CA certificate ca.pem is self signed.
2026-05-24T00:42:11.442946Z 0 [System] [MY-013602] [Server] Channel mysql_main configured to support TLS. Encrypted connections are now supported for this channel.
2026-05-24T00:42:11.484996Z 0 [System] [MY-011323] [Server] X Plugin ready for connections. Bind-address: '::' port: 33060
2026-05-24T00:42:11.485145Z 0 [System] [MY-010931] [Server] C:\Program Files\MySQL\MySQL Server 8.4\bin\mysqld.exe: ready for connections. Version: '8.4.8'  socket: ''  port: 3306  MySQL Community Server - GPL.
2026-05-24T06:39:03.891626Z 0 [System] [MY-015015] [Server] MySQL Server - start.
2026-05-24T06:39:04.065947Z 0 [System] [MY-010116] [Server] C:\Program Files\MySQL\MySQL Server 8.4\bin\mysqld.exe (mysqld 8.4.8) starting as process 22632
2026-05-24T06:39:04.197394Z 1 [System] [MY-013576] [InnoDB] InnoDB initialization has started.
2026-05-24T06:39:05.473803Z 1 [System] [MY-013577] [InnoDB] InnoDB initialization has ended.
2026-05-24T06:39:05.648567Z 0 [System] [MY-010229] [Server] Starting XA crash recovery...
2026-05-24T06:39:05.651790Z 0 [System] [MY-010232] [Server] XA crash recovery finished.
2026-05-24T06:39:05.840277Z 0 [Warning] [MY-010068] [Server] CA certificate ca.pem is self signed.
2026-05-24T06:39:05.840545Z 0 [System] [MY-013602] [Server] Channel mysql_main configured to support TLS. Encrypted connections are now supported for this channel.
2026-05-24T06:39:05.906301Z 0 [System] [MY-011323] [Server] X Plugin ready for connections. Bind-address: '::' port: 33060
2026-05-24T06:39:05.906467Z 0 [System] [MY-010931] [Server] C:\Program Files\MySQL\MySQL Server 8.4\bin\mysqld.exe: ready for connections. Version: '8.4.8'  socket: ''  port: 3306  MySQL Community Server - GPL.
2026-05-24T15:41:56.928518Z 0 [System] [MY-015015] [Server] MySQL Server - start.
2026-05-24T15:41:57.120661Z 0 [System] [MY-010116] [Server] C:\Program Files\MySQL\MySQL Server 8.4\bin\mysqld.exe (mysqld 8.4.8) starting as process 19936
2026-05-24T15:41:57.297584Z 1 [System] [MY-013576] [InnoDB] InnoDB initialization has started.
2026-05-24T15:41:57.299510Z 1 [ERROR] [MY-012271] [InnoDB] The innodb_system data file 'ibdata1' must be writable
2026-05-24T15:41:57.299913Z 1 [ERROR] [MY-012278] [InnoDB] The innodb_system data file 'ibdata1' must be writable
2026-05-24T15:41:57.300459Z 1 [ERROR] [MY-010334] [Server] Failed to initialize DD Storage Engine
2026-05-24T15:41:57.302326Z 0 [ERROR] [MY-010020] [Server] Data Dictionary initialization failed.
2026-05-24T15:41:57.303138Z 0 [ERROR] [MY-010119] [Server] Aborting
2026-05-24T15:41:57.311287Z 0 [System] [MY-010910] [Server] C:\Program Files\MySQL\MySQL Server 8.4\bin\mysqld.exe: Shutdown complete (mysqld 8.4.8)  MySQL Community Server - GPL.
2026-05-24T15:41:57.311815Z 0 [System] [MY-015016] [Server] MySQL Server - end.
2026-05-25T01:21:42.185788Z 0 [System] [MY-015015] [Server] MySQL Server - start.
2026-05-25T01:21:42.403166Z 0 [System] [MY-010116] [Server] C:\Program Files\MySQL\MySQL Server 8.4\bin\mysqld.exe (mysqld 8.4.8) starting as process 4008
2026-05-25T01:21:42.542159Z 1 [System] [MY-013576] [InnoDB] InnoDB initialization has started.
2026-05-25T01:21:43.888701Z 1 [System] [MY-013577] [InnoDB] InnoDB initialization has ended.
2026-05-25T01:21:44.194172Z 0 [System] [MY-010229] [Server] Starting XA crash recovery...
2026-05-25T01:21:44.199404Z 0 [System] [MY-010232] [Server] XA crash recovery finished.
2026-05-25T01:21:44.437436Z 0 [Warning] [MY-010068] [Server] CA certificate ca.pem is self signed.
2026-05-25T01:21:44.438005Z 0 [System] [MY-013602] [Server] Channel mysql_main configured to support TLS. Encrypted connections are now supported for this channel.
2026-05-25T01:21:44.517683Z 0 [System] [MY-011323] [Server] X Plugin ready for connections. Bind-address: '::' port: 33060
2026-05-25T01:21:44.517945Z 0 [System] [MY-010931] [Server] C:\Program Files\MySQL\MySQL Server 8.4\bin\mysqld.exe: ready for connections. Version: '8.4.8'  socket: ''  port: 3306  MySQL Community Server - GPL.
2026-05-25T14:16:35.972124Z 0 [System] [MY-015015] [Server] MySQL Server - start.
2026-05-25T14:16:36.224438Z 0 [System] [MY-010116] [Server] C:\Program Files\MySQL\MySQL Server 8.4\bin\mysqld.exe (mysqld 8.4.8) starting as process 23788
2026-05-25T14:16:36.326109Z 1 [System] [MY-013576] [InnoDB] InnoDB initialization has started.
2026-05-25T14:16:37.483432Z 1 [System] [MY-013577] [InnoDB] InnoDB initialization has ended.
2026-05-25T14:16:37.709873Z 0 [System] [MY-010229] [Server] Starting XA crash recovery...
2026-05-25T14:16:37.713993Z 0 [System] [MY-010232] [Server] XA crash recovery finished.
2026-05-25T14:16:37.861940Z 0 [Warning] [MY-010068] [Server] CA certificate ca.pem is self signed.
2026-05-25T14:16:37.862290Z 0 [System] [MY-013602] [Server] Channel mysql_main configured to support TLS. Encrypted connections are now supported for this channel.
2026-05-25T14:16:37.914551Z 0 [System] [MY-011323] [Server] X Plugin ready for connections. Bind-address: '::' port: 33060
2026-05-25T14:16:37.914690Z 0 [System] [MY-010931] [Server] C:\Program Files\MySQL\MySQL Server 8.4\bin\mysqld.exe: ready for connections. Version: '8.4.8'  socket: ''  port: 3306  MySQL Community Server - GPL.
2026-05-25T14:22:28.494931Z 0 [System] [MY-015015] [Server] MySQL Server - start.
2026-05-25T14:22:28.665932Z 0 [System] [MY-010116] [Server] C:\Program Files\MySQL\MySQL Server 8.4\bin\mysqld.exe (mysqld 8.4.8) starting as process 21060
2026-05-25T14:22:28.718133Z 1 [System] [MY-013576] [InnoDB] InnoDB initialization has started.
2026-05-25T14:22:29.475238Z 1 [System] [MY-013577] [InnoDB] InnoDB initialization has ended.
2026-05-25T14:22:29.691266Z 0 [System] [MY-010229] [Server] Starting XA crash recovery...
2026-05-25T14:22:29.695905Z 0 [System] [MY-010232] [Server] XA crash recovery finished.
2026-05-25T14:22:29.805808Z 0 [Warning] [MY-010068] [Server] CA certificate ca.pem is self signed.
2026-05-25T14:22:29.806116Z 0 [System] [MY-013602] [Server] Channel mysql_main configured to support TLS. Encrypted connections are now supported for this channel.
2026-05-25T14:22:29.847455Z 0 [System] [MY-011323] [Server] X Plugin ready for connections. Bind-address: '::' port: 33060
2026-05-25T14:22:29.847607Z 0 [System] [MY-010931] [Server] C:\Program Files\MySQL\MySQL Server 8.4\bin\mysqld.exe: ready for connections. Version: '8.4.8'  socket: ''  port: 3306  MySQL Community Server - GPL.
2026-05-25T15:15:44.491229Z 0 [System] [MY-015015] [Server] MySQL Server - start.
2026-05-25T15:15:44.785799Z 0 [System] [MY-010116] [Server] C:\Program Files\MySQL\MySQL Server 8.4\bin\mysqld.exe (mysqld 8.4.8) starting as process 11180
2026-05-25T15:15:44.823980Z 1 [System] [MY-013576] [InnoDB] InnoDB initialization has started.
2026-05-25T15:15:45.521484Z 1 [System] [MY-013577] [InnoDB] InnoDB initialization has ended.
2026-05-25T15:15:45.697329Z 0 [System] [MY-010229] [Server] Starting XA crash recovery...
2026-05-25T15:15:45.701945Z 0 [System] [MY-010232] [Server] XA crash recovery finished.
2026-05-25T15:15:45.836912Z 0 [Warning] [MY-010068] [Server] CA certificate ca.pem is self signed.
2026-05-25T15:15:45.837255Z 0 [System] [MY-013602] [Server] Channel mysql_main configured to support TLS. Encrypted connections are now supported for this channel.
2026-05-25T15:15:45.874039Z 0 [System] [MY-011323] [Server] X Plugin ready for connections. Bind-address: '::' port: 33060
2026-05-25T15:15:45.874102Z 0 [System] [MY-010931] [Server] C:\Program Files\MySQL\MySQL Server 8.4\bin\mysqld.exe: ready for connections. Version: '8.4.8'  socket: ''  port: 3306  MySQL Community Server - GPL.
2026-05-26T01:03:32.268014Z 0 [System] [MY-015015] [Server] MySQL Server - start.
2026-05-26T01:03:32.486839Z 0 [System] [MY-010116] [Server] C:\Program Files\MySQL\MySQL Server 8.4\bin\mysqld.exe (mysqld 8.4.8) starting as process 9960
2026-05-26T01:03:32.602865Z 1 [System] [MY-013576] [InnoDB] InnoDB initialization has started.
2026-05-26T01:03:33.810009Z 1 [System] [MY-013577] [InnoDB] InnoDB initialization has ended.
2026-05-26T01:03:34.076336Z 0 [System] [MY-010229] [Server] Starting XA crash recovery...
2026-05-26T01:03:34.085285Z 0 [System] [MY-010232] [Server] XA crash recovery finished.
2026-05-26T01:03:34.268775Z 0 [Warning] [MY-010068] [Server] CA certificate ca.pem is self signed.
2026-05-26T01:03:34.269031Z 0 [System] [MY-013602] [Server] Channel mysql_main configured to support TLS. Encrypted connections are now supported for this channel.
2026-05-26T01:03:34.341219Z 0 [System] [MY-011323] [Server] X Plugin ready for connections. Bind-address: '::' port: 33060
2026-05-26T01:03:34.341270Z 0 [System] [MY-010931] [Server] C:\Program Files\MySQL\MySQL Server 8.4\bin\mysqld.exe: ready for connections. Version: '8.4.8'  socket: ''  port: 3306  MySQL Community Server - GPL.
2026-05-26T02:16:38.451860Z 0 [System] [MY-015015] [Server] MySQL Server - start.
2026-05-26T02:16:38.704427Z 0 [System] [MY-010116] [Server] C:\Program Files\MySQL\MySQL Server 8.4\bin\mysqld.exe (mysqld 8.4.8) starting as process 21180
2026-05-26T02:16:38.786905Z 1 [System] [MY-013576] [InnoDB] InnoDB initialization has started.
2026-05-26T02:16:39.989787Z 1 [System] [MY-013577] [InnoDB] InnoDB initialization has ended.
2026-05-26T02:16:40.233447Z 0 [System] [MY-010229] [Server] Starting XA crash recovery...
2026-05-26T02:16:40.238632Z 0 [System] [MY-010232] [Server] XA crash recovery finished.
2026-05-26T02:16:40.428038Z 0 [Warning] [MY-010068] [Server] CA certificate ca.pem is self signed.
2026-05-26T02:16:40.428292Z 0 [System] [MY-013602] [Server] Channel mysql_main configured to support TLS. Encrypted connections are now supported for this channel.
2026-05-26T02:16:40.473107Z 0 [System] [MY-011323] [Server] X Plugin ready for connections. Bind-address: '::' port: 33060
2026-05-26T02:16:40.473260Z 0 [System] [MY-010931] [Server] C:\Program Files\MySQL\MySQL Server 8.4\bin\mysqld.exe: ready for connections. Version: '8.4.8'  socket: ''  port: 3306  MySQL Community Server - GPL.
2026-05-26T04:24:59.515612Z 0 [System] [MY-015015] [Server] MySQL Server - start.
2026-05-26T04:24:59.760928Z 0 [System] [MY-010116] [Server] C:\Program Files\MySQL\MySQL Server 8.4\bin\mysqld.exe (mysqld 8.4.8) starting as process 21080
2026-05-26T04:24:59.820374Z 1 [System] [MY-013576] [InnoDB] InnoDB initialization has started.
2026-05-26T04:25:00.649688Z 1 [System] [MY-013577] [InnoDB] InnoDB initialization has ended.
2026-05-26T04:25:00.888534Z 0 [System] [MY-010229] [Server] Starting XA crash recovery...
2026-05-26T04:25:00.893254Z 0 [System] [MY-010232] [Server] XA crash recovery finished.
2026-05-26T04:25:01.037866Z 0 [Warning] [MY-010068] [Server] CA certificate ca.pem is self signed.
2026-05-26T04:25:01.038233Z 0 [System] [MY-013602] [Server] Channel mysql_main configured to support TLS. Encrypted connections are now supported for this channel.
2026-05-26T04:25:01.088879Z 0 [System] [MY-011323] [Server] X Plugin ready for connections. Bind-address: '::' port: 33060
2026-05-26T04:25:01.089046Z 0 [System] [MY-010931] [Server] C:\Program Files\MySQL\MySQL Server 8.4\bin\mysqld.exe: ready for connections. Version: '8.4.8'  socket: ''  port: 3306  MySQL Community Server - GPL.
2026-05-26T07:29:26.902850Z 0 [System] [MY-015015] [Server] MySQL Server - start.
2026-05-26T07:29:27.107322Z 0 [System] [MY-010116] [Server] C:\Program Files\MySQL\MySQL Server 8.4\bin\mysqld.exe (mysqld 8.4.8) starting as process 26752
2026-05-26T07:29:27.210975Z 1 [System] [MY-013576] [InnoDB] InnoDB initialization has started.
2026-05-26T07:29:28.217962Z 1 [System] [MY-013577] [InnoDB] InnoDB initialization has ended.
2026-05-26T07:29:28.397238Z 0 [System] [MY-010229] [Server] Starting XA crash recovery...
2026-05-26T07:29:28.400654Z 0 [System] [MY-010232] [Server] XA crash recovery finished.
2026-05-26T07:29:28.582568Z 0 [Warning] [MY-010068] [Server] CA certificate ca.pem is self signed.
2026-05-26T07:29:28.582939Z 0 [System] [MY-013602] [Server] Channel mysql_main configured to support TLS. Encrypted connections are now supported for this channel.
2026-05-26T07:29:28.646927Z 0 [System] [MY-011323] [Server] X Plugin ready for connections. Bind-address: '::' port: 33060
2026-05-26T07:29:28.646962Z 0 [System] [MY-010931] [Server] C:\Program Files\MySQL\MySQL Server 8.4\bin\mysqld.exe: ready for connections. Version: '8.4.8'  socket: ''  port: 3306  MySQL Community Server - GPL.
2026-05-26T11:48:31.604080Z 0 [System] [MY-015015] [Server] MySQL Server - start.
2026-05-26T11:48:31.791593Z 0 [System] [MY-010116] [Server] C:\Program Files\MySQL\MySQL Server 8.4\bin\mysqld.exe (mysqld 8.4.8) starting as process 19756
2026-05-26T11:48:31.832012Z 1 [System] [MY-013576] [InnoDB] InnoDB initialization has started.
2026-05-26T11:48:32.457517Z 1 [System] [MY-013577] [InnoDB] InnoDB initialization has ended.
2026-05-26T11:48:32.643437Z 0 [System] [MY-010229] [Server] Starting XA crash recovery...
2026-05-26T11:48:32.646908Z 0 [System] [MY-010232] [Server] XA crash recovery finished.
2026-05-26T11:48:32.763088Z 0 [Warning] [MY-010068] [Server] CA certificate ca.pem is self signed.
2026-05-26T11:48:32.763329Z 0 [System] [MY-013602] [Server] Channel mysql_main configured to support TLS. Encrypted connections are now supported for this channel.
2026-05-26T11:48:32.792991Z 0 [System] [MY-010931] [Server] C:\Program Files\MySQL\MySQL Server 8.4\bin\mysqld.exe: ready for connections. Version: '8.4.8'  socket: ''  port: 3306  MySQL Community Server - GPL.
2026-05-26T11:48:32.793019Z 0 [System] [MY-011323] [Server] X Plugin ready for connections. Bind-address: '::' port: 33060
